source,target,similarity
0,1,0.5857767462730408
0,9,0.3901991546154022
0,2,0.37670910358428955
0,4,0.34592312574386597
0,16,0.2974133789539337
1,0,0.5857767462730408
1,12,0.5061348676681519
1,11,0.4686623811721802
1,9,0.4277752637863159
1,13,0.4202750325202942
2,9,0.5408675670623779
2,3,0.429764986038208
2,15,0.40982407331466675
2,1,0.3908991813659668
2,0,0.37670910358428955
3,2,0.429764986038208
3,9,0.3921469748020172
3,15,0.3917262554168701
3,13,0.327532023191452
3,14,0.2529119551181793
4,19,0.38088926672935486
4,14,0.3521270453929901
4,0,0.34592312574386597
4,20,0.3065451383590698
4,10,0.2929794490337372
5,749,0.6134951114654541
5,6,0.5954679846763611
5,8,0.5279856324195862
5,7,0.5260420441627502
5,117,0.47086870670318604
6,750,0.6523221731185913
6,5,0.5954679846763611
6,8,0.5646427869796753
6,749,0.5473015904426575
6,7,0.528285562992096
7,751,0.6773782968521118
7,8,0.534280002117157
7,6,0.528285562992096
7,5,0.5260420441627502
7,531,0.5229575037956238
8,752,0.744933009147644
8,751,0.6126855611801147
8,577,0.5704710483551025
8,6,0.5646427869796753
8,657,0.5524551868438721
9,2,0.5408675670623779
9,15,0.49358034133911133
9,14,0.4897238314151764
9,10,0.45068442821502686
9,1,0.4277752637863159
10,20,0.5893756151199341
10,17,0.5248000025749207
10,9,0.45068442821502686
10,39,0.4443812072277069
10,19,0.4419203996658325
11,1,0.4686623811721802
11,12,0.4488961398601532
11,14,0.36720776557922363
11,13,0.3221883475780487
11,10,0.31638303399086
12,13,0.5309910178184509
12,1,0.5061348676681519
12,11,0.4488961398601532
12,9,0.3387901484966278
12,10,0.3376571536064148
13,12,0.5309910178184509
13,1,0.4202750325202942
13,3,0.327532023191452
13,11,0.3221883475780487
13,774,0.28650638461112976
14,15,0.5039746165275574
14,9,0.4897238314151764
14,11,0.36720776557922363
14,10,0.36433145403862
14,4,0.3521270453929901
15,14,0.5039746165275574
15,9,0.49358034133911133
15,2,0.40982407331466675
15,3,0.3917262554168701
15,10,0.30693745613098145
16,19,0.4485815167427063
16,21,0.44649025797843933
16,657,0.4369558095932007
16,20,0.4359770715236664
16,38,0.41255155205726624
17,18,0.5626944899559021
17,10,0.5248000025749207
17,38,0.4611716866493225
17,19,0.41385796666145325
17,16,0.4070514142513275
18,17,0.5626944899559021
18,19,0.44477614760398865
18,38,0.4375620484352112
18,36,0.35271671414375305
18,10,0.34758102893829346
19,16,0.4485815167427063
19,18,0.44477614760398865
19,10,0.4419203996658325
19,17,0.41385796666145325
19,20,0.4073850214481354
20,10,0.5893756151199341
20,21,0.4567350149154663
20,16,0.4359770715236664
20,19,0.4073850214481354
20,31,0.40533339977264404
21,22,0.5239046216011047
21,38,0.5071551203727722
21,39,0.4690321385860443
21,20,0.4567350149154663
21,16,0.44649025797843933
22,21,0.5239046216011047
22,26,0.5054016709327698
22,38,0.38695138692855835
22,39,0.3677683174610138
22,37,0.3349718749523163
23,426,0.6085792779922485
23,24,0.6048406362533569
23,25,0.5797537565231323
23,709,0.44146960973739624
23,693,0.4374536871910095
24,25,0.7164500951766968
24,23,0.6048406362533569
24,426,0.5009040832519531
24,471,0.47787952423095703
24,709,0.46469318866729736
25,24,0.7164500951766968
25,23,0.5797537565231323
25,471,0.4655393660068512
25,426,0.4526974558830261
25,693,0.4497356712818146
26,22,0.5054016709327698
26,28,0.45340168476104736
26,40,0.4487655460834503
26,21,0.4458300471305847
26,39,0.4352976083755493
27,28,0.46836724877357483
27,345,0.4290143549442291
27,349,0.42020219564437866
27,346,0.41775959730148315
27,338,0.4175869822502136
28,30,0.5553858876228333
28,27,0.46836724877357483
28,26,0.45340168476104736
28,29,0.4054483473300934
28,33,0.3688398003578186
29,30,0.43035003542900085
29,28,0.4054483473300934
29,33,0.3566572070121765
29,525,0.3229914903640747
29,237,0.3087764382362366
30,28,0.5553858876228333
30,29,0.43035003542900085
30,33,0.30837514996528625
30,10,0.30073288083076477
30,32,0.2963067293167114
31,32,0.5017274022102356
31,20,0.40533339977264404
31,586,0.365413099527359
31,16,0.3622662425041199
31,320,0.35898667573928833
32,31,0.5017274022102356
32,38,0.45205146074295044
32,10,0.42768505215644836
32,39,0.4260380268096924
32,34,0.42228391766548157
33,34,0.5018222332000732
33,32,0.39238113164901733
33,39,0.37783727049827576
33,28,0.3688398003578186
33,29,0.3566572070121765
34,33,0.5018222332000732
34,35,0.4728131890296936
34,705,0.46825140714645386
34,36,0.45782381296157837
34,39,0.4577498137950897
35,34,0.4728131890296936
35,39,0.37422266602516174
35,32,0.3476369082927704
35,38,0.33155807852745056
35,16,0.2934762239456177
36,37,0.5525170564651489
36,38,0.47657495737075806
36,34,0.45782381296157837
36,32,0.38964998722076416
36,39,0.3868129551410675
37,36,0.5525170564651489
37,38,0.4668480455875397
37,40,0.4360737204551697
37,39,0.42194586992263794
37,32,0.4175882637500763
38,39,0.6112499237060547
38,21,0.5071551203727722
38,36,0.47657495737075806
38,37,0.4668480455875397
38,17,0.4611716866493225
39,38,0.6112499237060547
39,40,0.4851709008216858
39,21,0.4690321385860443
39,34,0.4577498137950897
39,10,0.4443812072277069
40,39,0.4851709008216858
40,26,0.4487655460834503
40,37,0.4360737204551697
40,38,0.42298582196235657
40,32,0.4128165543079376
41,42,0.5754362344741821
41,43,0.5524823665618896
41,48,0.5067582130432129
41,71,0.46262919902801514
41,70,0.4588397145271301
42,41,0.5754362344741821
42,313,0.5376238226890564
42,48,0.5255932807922363
42,70,0.5183390974998474
42,43,0.4960820972919464
43,41,0.5524823665618896
43,71,0.5004942417144775
43,42,0.4960820972919464
43,70,0.4797738790512085
43,44,0.4796743094921112
44,43,0.4796743094921112
44,71,0.4597432613372803
44,48,0.4215528964996338
44,41,0.42074793577194214
44,50,0.40795135498046875
45,46,0.6251934766769409
45,71,0.4929347634315491
45,47,0.48929211497306824
45,42,0.44070422649383545
45,70,0.41252458095550537
46,45,0.6251934766769409
46,47,0.48614946007728577
46,71,0.45937198400497437
46,42,0.45779067277908325
46,314,0.43169328570365906
47,314,0.5993597507476807
47,55,0.5126089453697205
47,45,0.48929211497306824
47,46,0.48614946007728577
47,42,0.48536935448646545
48,70,0.5344375967979431
48,57,0.5339614748954773
48,42,0.5255932807922363
48,64,0.5171100497245789
48,41,0.5067582130432129
49,70,0.579817533493042
49,50,0.5080685615539551
49,71,0.43648451566696167
49,42,0.4299934208393097
49,48,0.4260960817337036
50,49,0.5080685615539551
50,48,0.5062952041625977
50,54,0.501615583896637
50,70,0.48511630296707153
50,73,0.47727170586586
51,52,0.6059529185295105
51,53,0.6052297353744507
51,244,0.46669286489486694
51,109,0.46352654695510864
51,243,0.4300438463687897
52,53,0.6810296773910522
52,51,0.6059529185295105
52,243,0.4598886966705322
52,80,0.4519597291946411
52,109,0.4418093264102936
53,52,0.6810296773910522
53,51,0.6052297353744507
53,80,0.4686500132083893
53,243,0.45504269003868103
53,109,0.4311072826385498
54,58,0.5603501200675964
54,57,0.5538073182106018
54,50,0.501615583896637
54,73,0.4965762794017792
54,56,0.48610520362854004
55,56,0.5500938892364502
55,47,0.5126089453697205
55,42,0.4730622470378876
55,669,0.46940240263938904
55,313,0.4581426680088043
56,55,0.5500938892364502
56,57,0.4911700189113617
56,316,0.48918333649635315
56,48,0.48789358139038086
56,54,0.48610520362854004
57,58,0.5568446516990662
57,54,0.5538073182106018
57,48,0.5339614748954773
57,378,0.5082941651344299
57,56,0.4911700189113617
58,54,0.5603501200675964
58,57,0.5568446516990662
58,59,0.54698246717453
58,378,0.4982200264930725
58,73,0.4901469945907593
59,60,0.6156206130981445
59,58,0.54698246717453
59,379,0.5315365195274353
59,57,0.47743454575538635
59,378,0.46298521757125854
60,59,0.6156206130981445
60,378,0.48566576838493347
60,61,0.4625767171382904
60,57,0.44442737102508545
60,58,0.4236533045768738
61,380,0.5494769215583801
61,63,0.5418254733085632
61,65,0.48456841707229614
61,73,0.4733120799064636
61,72,0.47285380959510803
62,66,0.5544363856315613
62,63,0.5478765964508057
62,78,0.4644654393196106
62,321,0.4168766140937805
62,323,0.41398048400878906
63,66,0.5691275000572205
63,62,0.5478765964508057
63,380,0.5448387265205383
63,61,0.5418254733085632
63,69,0.5183773040771484
64,48,0.5171100497245789
64,66,0.5046929121017456
64,57,0.4623534083366394
64,61,0.4579279124736786
64,72,0.4570886492729187
65,77,0.5074171423912048
65,61,0.48456841707229614
65,63,0.46018150448799133
65,72,0.4597940444946289
65,64,0.4526386260986328
66,63,0.5691275000572205
66,62,0.5544363856315613
66,64,0.5046929121017456
66,73,0.45943284034729004
66,323,0.45422399044036865
67,80,0.5413427352905273
67,78,0.458486944437027
67,81,0.4122822880744934
67,66,0.4033123254776001
67,68,0.3966521918773651
68,81,0.5365288257598877
68,69,0.48076730966567993
68,78,0.4577203392982483
68,172,0.4520253837108612
68,63,0.43978363275527954
69,321,0.5773822665214539
69,63,0.5183773040771484
69,68,0.48076730966567993
69,72,0.47564563155174255
69,61,0.4674529433250427
70,71,0.5991716384887695
70,49,0.579817533493042
70,746,0.5457574129104614
70,48,0.5344375967979431
70,42,0.5183390974998474
71,70,0.5991716384887695
71,73,0.5534300804138184
71,43,0.5004942417144775
71,45,0.4929347634315491
71,48,0.48196205496788025
72,73,0.5172227025032043
72,63,0.48946431279182434
72,364,0.47937440872192383
72,69,0.47564563155174255
72,61,0.47285380959510803
73,71,0.5534300804138184
73,72,0.5172227025032043
73,54,0.4965762794017792
73,58,0.4901469945907593
73,50,0.47727170586586
74,77,0.5077071785926819
74,82,0.5025030970573425
74,117,0.4985390901565552
74,112,0.49610233306884766
74,85,0.4785972833633423
75,369,0.5487142205238342
75,222,0.5442322492599487
75,113,0.5225378274917603
75,118,0.5191354751586914
75,112,0.5165631771087646
76,370,0.632633626461029
76,77,0.5760166645050049
76,223,0.5599333047866821
76,104,0.5234366655349731
76,171,0.5118549466133118
77,76,0.5760166645050049
77,112,0.5092347860336304
77,74,0.5077071785926819
77,65,0.5074171423912048
77,91,0.4978754222393036
78,81,0.5052766799926758
78,325,0.4978337287902832
78,63,0.49286001920700073
78,76,0.4710504710674286
78,322,0.46730685234069824
79,80,0.5892188549041748
79,74,0.44286543130874634
79,113,0.4379062354564667
79,84,0.42775803804397583
79,89,0.4189949929714203
80,79,0.5892188549041748
80,67,0.5413427352905273
80,53,0.4686500132083893
80,52,0.4519597291946411
80,109,0.43674325942993164
81,68,0.5365288257598877
81,113,0.5061691403388977
81,104,0.5058096051216125
81,78,0.5052766799926758
81,82,0.4937029480934143
82,112,0.5794016718864441
82,224,0.5065516233444214
82,74,0.5025030970573425
82,75,0.49486106634140015
82,84,0.4944729208946228
83,84,0.6190711259841919
83,82,0.49154049158096313
83,107,0.42755529284477234
83,53,0.40546706318855286
83,112,0.4039590358734131
84,83,0.6190711259841919
84,82,0.4944729208946228
84,85,0.4887009561061859
84,86,0.47213372588157654
84,93,0.46432554721832275
85,112,0.4945361614227295
85,84,0.4887009561061859
85,128,0.48627275228500366
85,74,0.4785972833633423
85,88,0.4704681932926178
86,87,0.5227257013320923
86,88,0.4935517907142639
86,120,0.4727458953857422
86,84,0.47213372588157654
86,112,0.45986902713775635
87,88,0.5478792190551758
87,121,0.5315489172935486
87,119,0.5286052823066711
87,86,0.5227257013320923
87,82,0.4884158968925476
88,119,0.6206364035606384
88,87,0.5478792190551758
88,112,0.5154869556427002
88,120,0.5058320164680481
88,86,0.4935517907142639
89,127,0.5163120031356812
89,120,0.48220136761665344
89,90,0.48167335987091064
89,74,0.4343695342540741
89,91,0.427496075630188
90,91,0.5243815183639526
90,89,0.48167335987091064
90,127,0.46363723278045654
90,128,0.43652772903442383
90,88,0.420520544052124
91,128,0.52646803855896
91,90,0.5243815183639526
91,207,0.4999068081378937
91,77,0.4978754222393036
91,112,0.48074182868003845
92,93,0.5126288533210754
92,128,0.49194666743278503
92,84,0.455833375453949
92,349,0.44664764404296875
92,96,0.44203439354896545
93,96,0.5237745642662048
93,92,0.5126288533210754
93,114,0.479306161403656
93,116,0.4675734043121338
93,113,0.466602087020874
94,135,0.5558754205703735
94,95,0.5376282930374146
94,387,0.5129681825637817
94,75,0.5123045444488525
94,622,0.493468701839447
95,94,0.5376282930374146
95,113,0.5323129892349243
95,114,0.5150372982025146
95,136,0.48635828495025635
95,98,0.47373101115226746
96,97,0.5513193607330322
96,93,0.5237745642662048
96,92,0.44203439354896545
96,101,0.4294114112854004
96,99,0.42614102363586426
97,96,0.5513193607330322
97,98,0.4727921485900879
97,113,0.4409499168395996
97,93,0.440192848443985
97,94,0.43595001101493835
98,99,0.5691936612129211
98,101,0.5277032852172852
98,95,0.47373101115226746
98,97,0.4727921485900879
98,102,0.4581609070301056
99,98,0.5691936612129211
99,101,0.5677991509437561
99,113,0.47891151905059814
99,95,0.4703581631183624
99,114,0.4651523530483246
100,101,0.42668840289115906
100,99,0.41533350944519043
100,98,0.38848209381103516
100,95,0.36492815613746643
100,102,0.35597020387649536
101,102,0.5713480114936829
101,99,0.5677991509437561
101,98,0.5277032852172852
101,134,0.525562047958374
101,136,0.5205153226852417
102,143,0.5789512991905212
102,101,0.5713480114936829
102,136,0.548454761505127
102,139,0.5371639132499695
102,103,0.5234190821647644
103,102,0.5234190821647644
103,101,0.5063984990119934
103,134,0.5013828277587891
103,137,0.4986303746700287
103,389,0.49322181940078735
104,207,0.585631251335144
104,105,0.5797277688980103
104,76,0.5234366655349731
104,81,0.5058096051216125
104,116,0.4920753538608551
105,106,0.607292652130127
105,104,0.5797277688980103
105,207,0.5410110950469971
105,206,0.5153459906578064
105,81,0.4753117561340332
106,105,0.607292652130127
106,207,0.5251282453536987
106,110,0.4695366322994232
106,104,0.440386563539505
106,107,0.4374406039714813
107,109,0.6420179605484009
107,207,0.6166678667068481
107,108,0.5889411568641663
107,116,0.48600929975509644
107,110,0.4645526111125946
108,107,0.5889411568641663
108,207,0.5274718403816223
108,208,0.4872788190841675
108,110,0.48005375266075134
108,116,0.47511762380599976
109,107,0.6420179605484009
109,207,0.5236494541168213
109,243,0.5055690407752991
109,245,0.484796941280365
109,110,0.478816956281662
110,208,0.6047797203063965
110,207,0.5787963271141052
110,111,0.5607709884643555
110,108,0.48005375266075134
110,109,0.478816956281662
111,110,0.5607709884643555
111,116,0.5086520910263062
111,207,0.47833338379859924
111,105,0.4538995325565338
111,104,0.4408031105995178
112,82,0.5794016718864441
112,164,0.5626508593559265
112,113,0.5474226474761963
112,270,0.5285993218421936
112,75,0.5165631771087646
113,116,0.5561878681182861
113,112,0.5474226474761963
113,95,0.5323129892349243
113,75,0.5225378274917603
113,115,0.5196046829223633
114,95,0.5150372982025146
114,101,0.49850404262542725
114,93,0.479306161403656
114,113,0.47893279790878296
114,99,0.4651523530483246
115,113,0.5196046829223633
115,116,0.4889518618583679
115,207,0.462961882352829
115,85,0.4463720917701721
115,88,0.44074612855911255
116,113,0.5561878681182861
116,207,0.5159698128700256
116,111,0.5086520910263062
116,104,0.4920753538608551
116,115,0.4889518618583679
117,130,0.5143542289733887
117,221,0.5045015811920166
117,123,0.49869170784950256
117,119,0.4986141324043274
117,74,0.4985390901565552
118,449,0.5468125343322754
118,123,0.5384628772735596
118,369,0.5356585383415222
118,75,0.5191354751586914
118,694,0.5142413973808289
119,88,0.6206364035606384
119,146,0.5418766140937805
119,124,0.5302555561065674
119,87,0.5286052823066711
119,121,0.5128400325775146
120,121,0.5676512122154236
120,122,0.5077701807022095
120,88,0.5058320164680481
120,123,0.4927040934562683
120,87,0.4881651699542999
121,122,0.6596171855926514
121,474,0.6086826920509338
121,125,0.5852177739143372
121,120,0.5676512122154236
121,124,0.5633330941200256
122,121,0.6596171855926514
122,123,0.5640489459037781
122,488,0.5382789373397827
122,125,0.5373605489730835
122,455,0.5338573455810547
123,122,0.5640489459037781
123,118,0.5384628772735596
123,124,0.525041401386261
123,121,0.5176234245300293
123,125,0.5156100988388062
124,125,0.660780668258667
124,121,0.5633330941200256
124,119,0.5302555561065674
124,123,0.525041401386261
124,122,0.5081561803817749
125,124,0.660780668258667
125,121,0.5852177739143372
125,122,0.5373605489730835
125,123,0.5156100988388062
125,237,0.5018283724784851
126,125,0.4655919373035431
126,149,0.4560089111328125
126,153,0.4507952034473419
126,144,0.43027883768081665
126,115,0.42612215876579285
127,129,0.5164266228675842
127,89,0.5163120031356812
127,128,0.4999603033065796
127,90,0.46363723278045654
127,120,0.4475868344306946
128,91,0.52646803855896
128,127,0.4999603033065796
128,92,0.49194666743278503
128,85,0.48627275228500366
128,133,0.4790472984313965
129,132,0.5448959469795227
129,130,0.541613757610321
129,127,0.5164266228675842
129,131,0.4900906980037689
129,354,0.45632678270339966
130,131,0.6612696647644043
130,129,0.541613757610321
130,117,0.5143542289733887
130,733,0.493660569190979
130,132,0.47664934396743774
131,130,0.6612696647644043
131,132,0.5886440873146057
131,129,0.4900906980037689
131,117,0.4847378730773926
131,733,0.4696744382381439
132,131,0.5886440873146057
132,129,0.5448959469795227
132,130,0.47664934396743774
132,117,0.42761197686195374
132,120,0.40399837493896484
133,128,0.4790472984313965
133,91,0.4643535614013672
133,349,0.42281395196914673
133,92,0.4151117503643036
133,129,0.41198858618736267
134,389,0.5352188944816589
134,136,0.5313209295272827
134,101,0.525562047958374
134,135,0.5168303847312927
134,145,0.5111427307128906
135,94,0.5558754205703735
135,389,0.5454165935516357
135,387,0.5397902727127075
135,121,0.524383008480072
135,134,0.5168303847312927
136,102,0.548454761505127
136,134,0.5313209295272827
136,101,0.5205153226852417
136,139,0.5009278655052185
136,103,0.4870857894420624
137,138,0.5911521315574646
137,103,0.4986303746700287
137,139,0.49379220604896545
137,136,0.47985562682151794
137,390,0.4712042212486267
138,137,0.5911521315574646
138,102,0.5151882767677307
138,143,0.4942491352558136
138,103,0.48872748017311096
138,139,0.4657537341117859
139,102,0.5371639132499695
139,136,0.5009278655052185
139,137,0.49379220604896545
139,140,0.4877264201641083
139,101,0.4717411398887634
140,158,0.49483123421669006
140,139,0.4877264201641083
140,392,0.44468313455581665
140,160,0.4176816940307617
140,157,0.4171351492404938
141,136,0.48113974928855896
141,101,0.47705286741256714
141,134,0.44803035259246826
141,139,0.44141003489494324
141,389,0.43871307373046875
142,102,0.48273903131484985
142,143,0.47804737091064453
142,122,0.46131300926208496
142,138,0.44343918561935425
142,390,0.4178115129470825
143,102,0.5789512991905212
143,138,0.4942491352558136
143,134,0.4805251359939575
143,142,0.47804737091064453
143,136,0.4720158576965332
144,122,0.4946686029434204
144,504,0.4913851022720337
144,125,0.4838296175003052
144,143,0.46766024827957153
144,453,0.4650784134864807
145,226,0.5750992298126221
145,134,0.5111427307128906
145,389,0.47397708892822266
145,123,0.46370449662208557
145,144,0.4628785252571106
146,119,0.5418766140937805
146,147,0.5202517509460449
146,437,0.5081806778907776
146,165,0.5034887790679932
146,124,0.4969145357608795
147,146,0.5202517509460449
147,148,0.48824653029441833
147,456,0.4716777205467224
147,120,0.4507136940956116
147,153,0.4491308033466339
148,147,0.48824653029441833
148,120,0.4726914167404175
148,152,0.408317506313324
148,248,0.40407702326774597
148,456,0.39872387051582336
149,152,0.5156368017196655
149,153,0.4647299349308014
149,126,0.4560089111328125
149,151,0.4450807273387909
149,429,0.42498356103897095
150,151,0.4914606511592865
150,147,0.37859034538269043
150,152,0.3736734688282013
150,149,0.364365816116333
150,153,0.3558591306209564
151,152,0.4989597201347351
151,150,0.4914606511592865
151,149,0.4450807273387909
151,248,0.4330909550189972
151,153,0.4295937716960907
152,149,0.5156368017196655
152,151,0.4989597201347351
152,153,0.4820382297039032
152,127,0.44350892305374146
152,129,0.43513500690460205
153,146,0.4889317452907562
153,165,0.48279714584350586
153,152,0.4820382297039032
153,149,0.4647299349308014
153,126,0.4507952034473419
154,429,0.4170289635658264
154,748,0.40105652809143066
154,155,0.3981019854545593
154,92,0.39481842517852783
154,153,0.3896716237068176
155,165,0.4851173460483551
155,168,0.4753165543079376
155,146,0.4674624800682068
155,161,0.4461670219898224
155,437,0.4328254163265228
156,157,0.5583539009094238
156,158,0.5144463777542114
156,448,0.4173278510570526
156,159,0.4159977436065674
156,460,0.40936559438705444
157,159,0.5859610438346863
157,158,0.5723361372947693
157,156,0.5583539009094238
157,134,0.4864082336425781
157,161,0.46343255043029785
158,157,0.5723361372947693
158,156,0.5144463777542114
158,140,0.49483123421669006
158,159,0.49070948362350464
158,436,0.39742282032966614
159,157,0.5859610438346863
159,158,0.49070948362350464
159,160,0.44161123037338257
159,161,0.43630707263946533
159,156,0.4159977436065674
160,123,0.4795321822166443
160,120,0.47642090916633606
160,125,0.44708532094955444
160,159,0.44161123037338257
160,135,0.4391898214817047
161,162,0.5611221790313721
161,165,0.4951266050338745
161,157,0.46343255043029785
161,155,0.4461670219898224
161,159,0.43630707263946533
162,161,0.5611221790313721
162,165,0.4219503700733185
162,157,0.41272956132888794
162,91,0.40184661746025085
162,155,0.40033450722694397
163,297,0.40034401416778564
163,304,0.36350589990615845
163,142,0.3602217435836792
163,78,0.3515068292617798
163,121,0.3327527642250061
164,112,0.5626508593559265
164,444,0.5171781778335571
164,146,0.49260085821151733
164,134,0.4804474413394928
164,270,0.47008392214775085
165,168,0.5222480297088623
165,167,0.5130820274353027
165,146,0.5034887790679932
165,166,0.49540406465530396
165,161,0.4951266050338745
166,167,0.5403645634651184
166,165,0.49540406465530396
166,125,0.4460827112197876
166,164,0.4456384778022766
166,146,0.440902978181839
167,166,0.5403645634651184
167,165,0.5130820274353027
167,168,0.5019527077674866
167,125,0.45324599742889404
167,134,0.44304609298706055
168,165,0.5222480297088623
168,167,0.5019527077674866
168,116,0.4827825129032135
168,155,0.4753165543079376
168,447,0.47091883420944214
169,206,0.504892885684967
169,485,0.4922550916671753
169,577,0.49063777923583984
169,189,0.4850737452507019
169,117,0.4599241316318512
170,369,0.5774890184402466
170,486,0.5655971169471741
170,578,0.5294085144996643
170,519,0.5010875463485718
170,118,0.5008254647254944
171,172,0.5584453344345093
171,76,0.5118549466133118
171,370,0.5084488391876221
171,579,0.47506123781204224
171,184,0.4748260974884033
172,171,0.5584453344345093
172,201,0.5273730754852295
172,370,0.5090118646621704
172,76,0.4627399146556854
172,206,0.4612399935722351
173,176,0.48904603719711304
173,187,0.48436540365219116
173,175,0.47084134817123413
173,217,0.4634878933429718
173,69,0.4610840976238251
174,175,0.5896310210227966
174,176,0.4812166690826416
174,172,0.44362354278564453
174,173,0.441708505153656
174,192,0.41417011618614197
175,174,0.5896310210227966
175,176,0.5545502305030823
175,187,0.4765979051589966
175,173,0.47084134817123413
175,217,0.4482453167438507
176,177,0.6319565773010254
176,175,0.5545502305030823
176,173,0.48904603719711304
176,174,0.4812166690826416
176,178,0.47429555654525757
177,176,0.6319565773010254
177,178,0.5960693955421448
177,179,0.4872117042541504
177,216,0.48168203234672546
177,494,0.4708312749862671
178,177,0.5960693955421448
178,179,0.4744075536727905
178,176,0.47429555654525757
178,659,0.4625318646430969
178,180,0.4350649416446686
179,181,0.6707687973976135
179,180,0.5284311771392822
179,216,0.4908190071582794
179,177,0.4872117042541504
179,178,0.4744075536727905
180,179,0.5284311771392822
180,181,0.4942384362220764
180,176,0.4520207345485687
180,178,0.4350649416446686
180,217,0.41041141748428345
181,179,0.6707687973976135
181,216,0.5204671621322632
181,180,0.4942384362220764
181,182,0.48603054881095886
181,218,0.4785255193710327
182,726,0.5339755415916443
182,183,0.5195534825325012
182,584,0.5159034729003906
182,725,0.4870416224002838
182,181,0.48603054881095886
183,182,0.5195534825325012
183,184,0.45604270696640015
183,727,0.4190796911716461
183,129,0.4167156219482422
183,726,0.40712711215019226
184,187,0.5263731479644775
184,500,0.5002051591873169
184,216,0.4985453486442566
184,437,0.4982115924358368
184,185,0.49641817808151245
185,218,0.4980999827384949
185,184,0.49641817808151245
185,187,0.45702308416366577
185,577,0.4406795799732208
185,216,0.4369015097618103
186,188,0.5211456418037415
186,216,0.4965982139110565
186,585,0.4918275475502014
186,504,0.4836546778678894
186,187,0.48090165853500366
187,188,0.5686819553375244
187,184,0.5263731479644775
187,216,0.5198461413383484
187,189,0.4948255717754364
187,218,0.49188584089279175
188,187,0.5686819553375244
188,189,0.5570383071899414
188,186,0.5211456418037415
188,216,0.5174465775489807
188,218,0.5050315260887146
189,218,0.6087222695350647
189,519,0.565730094909668
189,188,0.5570383071899414
189,220,0.5445431470870972
189,192,0.5411200523376465
190,518,0.48246634006500244
190,198,0.47650012373924255
190,187,0.46643856167793274
190,192,0.45574474334716797
190,193,0.4533478617668152
191,193,0.5546614527702332
191,517,0.5330407023429871
191,192,0.506868839263916
191,518,0.4978823661804199
191,189,0.45568493008613586
192,517,0.6434515714645386
192,194,0.5775371789932251
192,195,0.5708368420600891
192,193,0.5618367195129395
192,519,0.5577991604804993
193,192,0.5618367195129395
193,191,0.5546614527702332
193,517,0.5386925339698792
193,518,0.5163587331771851
193,194,0.4978516697883606
194,518,0.6006437540054321
194,192,0.5775371789932251
194,517,0.5548939108848572
194,195,0.5048630237579346
194,494,0.5021416544914246
195,192,0.5708368420600891
195,194,0.5048630237579346
195,193,0.48895618319511414
195,191,0.4383833110332489
195,727,0.43680131435394287
196,519,0.53432697057724
196,192,0.5141153335571289
196,198,0.5110394358634949
196,197,0.48740094900131226
196,518,0.46971985697746277
197,198,0.621683657169342
197,519,0.4935779869556427
197,196,0.48740094900131226
197,199,0.43560898303985596
197,172,0.41834303736686707
198,197,0.621683657169342
198,199,0.5806775093078613
198,519,0.5585938692092896
198,518,0.5118700265884399
198,196,0.5110394358634949
199,198,0.5806775093078613
199,519,0.5593270063400269
199,520,0.5399993658065796
199,219,0.5120454430580139
199,524,0.4981655478477478
200,201,0.5761849880218506
200,202,0.5330316424369812
200,189,0.48497578501701355
200,218,0.4769929051399231
200,198,0.47510600090026855
201,202,0.5867217183113098
201,200,0.5761849880218506
201,172,0.5273730754852295
201,189,0.49050793051719666
201,203,0.48424476385116577
202,201,0.5867217183113098
202,509,0.5433545112609863
202,200,0.5330316424369812
202,203,0.5260400772094727
202,220,0.48573577404022217
203,202,0.5260400772094727
203,201,0.48424476385116577
203,205,0.4752016067504883
203,193,0.4211723506450653
203,509,0.41870468854904175
204,583,0.4385097324848175
204,494,0.4374396502971649
204,500,0.4353344738483429
204,189,0.423839271068573
204,584,0.4197677671909332
205,189,0.4766727685928345
205,203,0.4752016067504883
205,217,0.4635676443576813
205,209,0.4573097229003906
205,169,0.45365291833877563
206,105,0.5153459906578064
206,169,0.504892885684967
206,172,0.4612399935722351
206,47,0.45297861099243164
206,104,0.4355860650539398
207,107,0.6166678667068481
207,104,0.585631251335144
207,110,0.5787963271141052
207,105,0.5410110950469971
207,108,0.5274718403816223
208,110,0.6047797203063965
208,108,0.4872788190841675
208,207,0.46384307742118835
208,109,0.46057507395744324
208,209,0.4604942202568054
209,491,0.5903574228286743
209,219,0.4922271966934204
209,492,0.4672161638736725
209,208,0.4604942202568054
209,527,0.45921382308006287
210,220,0.4663938879966736
210,490,0.45729437470436096
210,493,0.44741711020469666
210,209,0.4397239685058594
210,215,0.43277233839035034
211,209,0.4294309914112091
211,217,0.42406728863716125
211,213,0.4167916476726532
211,210,0.4041595160961151
211,214,0.39825698733329773
212,213,0.6094301342964172
212,440,0.40750494599342346
212,129,0.3889293670654297
212,214,0.383914977312088
212,211,0.38150376081466675
213,212,0.6094301342964172
213,215,0.4930528402328491
213,214,0.4610263705253601
213,217,0.43306073546409607
213,211,0.4167916476726532
214,213,0.4610263705253601
214,490,0.45567256212234497
214,208,0.4548671841621399
214,491,0.4464940130710602
214,210,0.4316583573818207
215,217,0.5070703625679016
215,213,0.4930528402328491
215,507,0.48918870091438293
215,509,0.46456241607666016
215,490,0.448151558637619
216,613,0.5772225856781006
216,526,0.5388190746307373
216,218,0.5386781096458435
216,747,0.5342937111854553
216,181,0.5204671621322632
217,219,0.5837582349777222
217,220,0.5796384811401367
217,527,0.5677568912506104
217,218,0.5537135601043701
217,518,0.5344282388687134
218,189,0.6087222695350647
218,220,0.56424880027771
218,217,0.5537135601043701
218,216,0.5386781096458435
218,219,0.5193467736244202
219,220,0.6094362139701843
219,217,0.5837582349777222
219,527,0.5764390230178833
219,529,0.5298845171928406
219,218,0.5193467736244202
220,219,0.6094362139701843
220,217,0.5796384811401367
220,218,0.56424880027771
220,527,0.5545310378074646
220,529,0.5492680668830872
221,222,0.5273745656013489
221,411,0.5142096281051636
221,223,0.5082977414131165
221,117,0.5045015811920166
221,260,0.5004838705062866
222,369,0.6070776581764221
222,75,0.5442322492599487
222,221,0.5273745656013489
222,118,0.5079619884490967
222,170,0.49252820014953613
223,224,0.5809833407402039
223,76,0.5599333047866821
223,227,0.5347558856010437
223,533,0.5175606608390808
223,221,0.5082977414131165
224,223,0.5809833407402039
224,225,0.5624075531959534
224,82,0.5065516233444214
224,227,0.4772774577140808
224,112,0.4765782952308655
225,224,0.5624075531959534
225,270,0.44566088914871216
225,226,0.4272294044494629
225,232,0.38801318407058716
225,227,0.3818347752094269
226,145,0.5750992298126221
226,227,0.5612256526947021
226,223,0.48025307059288025
226,224,0.47529780864715576
226,250,0.44749945402145386
227,226,0.5612256526947021
227,396,0.537087082862854
227,223,0.5347558856010437
227,232,0.5121127367019653
227,403,0.48953762650489807
228,227,0.48911958932876587
228,272,0.47785356640815735
228,301,0.46688413619995117
228,238,0.4350697100162506
228,221,0.43499982357025146
229,270,0.5227210521697998
229,236,0.48884117603302
229,253,0.4861690104007721
229,240,0.4686596095561981
229,232,0.46729040145874023
230,231,0.5620797872543335
230,229,0.40632256865501404
230,242,0.3797326385974884
230,288,0.37762776017189026
230,222,0.37721726298332214
231,230,0.5620797872543335
231,232,0.4687391519546509
231,229,0.4636138379573822
231,275,0.4113598167896271
231,228,0.4051382839679718
232,227,0.5121127367019653
232,231,0.4687391519546509
232,229,0.46729040145874023
232,235,0.4515623152256012
232,236,0.44894522428512573
233,234,0.5343645811080933
233,240,0.4995402693748474
233,236,0.46989405155181885
233,229,0.46054044365882874
233,232,0.4329124689102173
234,233,0.5343645811080933
234,236,0.49107375741004944
234,278,0.46888473629951477
234,262,0.44344115257263184
234,242,0.4384216070175171
235,236,0.4985513687133789
235,240,0.4570721387863159
235,232,0.4515623152256012
235,238,0.4211157262325287
235,233,0.41457095742225647
236,240,0.5680975317955017
236,275,0.5137348771095276
236,235,0.4985513687133789
236,238,0.4944078028202057
236,234,0.49107375741004944
237,239,0.5796003937721252
237,238,0.547173023223877
237,260,0.5138453841209412
237,125,0.5018283724784851
237,455,0.4881994128227234
238,239,0.5828590989112854
238,240,0.559955358505249
238,237,0.547173023223877
238,236,0.4944078028202057
238,260,0.4462366998195648
239,238,0.5828590989112854
239,237,0.5796003937721252
239,240,0.4930429458618164
239,260,0.48891720175743103
239,272,0.434903085231781
240,236,0.5680975317955017
240,238,0.559955358505249
240,275,0.5037416815757751
240,233,0.4995402693748474
240,239,0.4930429458618164
241,242,0.47629493474960327
241,240,0.46226200461387634
241,234,0.4316520392894745
241,713,0.405247300863266
241,244,0.36364415287971497
242,246,0.49716371297836304
242,244,0.4829718768596649
242,241,0.47629493474960327
242,243,0.4556751847267151
242,234,0.4384216070175171
243,244,0.6232180595397949
243,245,0.5253844857215881
243,109,0.5055690407752991
243,418,0.49721503257751465
243,246,0.47231319546699524
244,243,0.6232180595397949
244,245,0.6043596267700195
244,246,0.5586584806442261
244,242,0.4829718768596649
244,51,0.46669286489486694
245,246,0.6365022659301758
245,244,0.6043596267700195
245,243,0.5253844857215881
245,109,0.484796941280365
245,242,0.41844165325164795
246,245,0.6365022659301758
246,244,0.5586584806442261
246,242,0.49716371297836304
246,243,0.47231319546699524
246,419,0.4134710431098938
247,271,0.5571967363357544
247,250,0.47396066784858704
247,275,0.441824734210968
247,248,0.4279572665691376
247,260,0.42417487502098083
248,249,0.5854522585868835
248,427,0.47658342123031616
248,237,0.47549790143966675
248,438,0.45970430970191956
248,488,0.4507370889186859
249,248,0.5854522585868835
249,400,0.44668304920196533
249,421,0.4424437880516052
249,260,0.43948495388031006
249,238,0.42595165967941284
250,251,0.5768188238143921
250,271,0.5019878149032593
250,237,0.487559050321579
250,125,0.4766634404659271
250,247,0.47396066784858704
251,250,0.5768188238143921
251,399,0.4729163348674774
251,441,0.45932355523109436
251,252,0.4495510458946228
251,400,0.4489911198616028
252,296,0.5216591358184814
252,270,0.4571852684020996
252,251,0.4495510458946228
252,436,0.4444860816001892
252,295,0.4365823268890381
253,255,0.5207904577255249
253,229,0.4861690104007721
253,257,0.4736420810222626
253,256,0.47126781940460205
253,292,0.44282016158103943
254,255,0.5661407709121704
254,283,0.47073519229888916
254,262,0.454515278339386
254,278,0.45181670784950256
254,285,0.4391394257545471
255,254,0.5661407709121704
255,253,0.5207904577255249
255,256,0.4809066653251648
255,281,0.44940465688705444
255,282,0.43047377467155457
256,255,0.4809066653251648
256,253,0.47126781940460205
256,257,0.46807610988616943
256,274,0.4563065767288208
256,265,0.4174730181694031
257,261,0.5025922656059265
257,253,0.4736420810222626
257,256,0.46807610988616943
257,265,0.43679314851760864
257,263,0.4359204173088074
258,260,0.6138725280761719
258,259,0.582080066204071
258,397,0.5359901189804077
258,398,0.5237743854522705
258,261,0.503140926361084
259,397,0.6195238828659058
259,398,0.5986207723617554
259,260,0.5833461284637451
259,258,0.582080066204071
259,266,0.44398149847984314
260,258,0.6138725280761719
260,259,0.5833461284637451
260,397,0.5485401749610901
260,398,0.5303937792778015
260,237,0.5138453841209412
261,258,0.503140926361084
261,262,0.5031105279922485
261,257,0.5025922656059265
261,398,0.49656352400779724
261,264,0.4943039119243622
262,285,0.5270243287086487
262,284,0.5199967622756958
262,261,0.5031105279922485
262,263,0.46082982420921326
262,260,0.4578039050102234
263,265,0.5795093774795532
263,264,0.568606972694397
263,262,0.46082982420921326
263,271,0.4451948404312134
263,274,0.44503816962242126
264,265,0.6031078100204468
264,263,0.568606972694397
264,266,0.5481744408607483
264,271,0.5417876243591309
264,260,0.5127904415130615
265,264,0.6031078100204468
265,263,0.5795093774795532
265,271,0.5774341821670532
265,266,0.5381771326065063
265,267,0.5102083086967468
266,264,0.5481744408607483
266,267,0.5432414412498474
266,265,0.5381771326065063
266,260,0.4746869206428528
266,261,0.4718654453754425
267,400,0.5595918297767639
267,266,0.5432414412498474
267,268,0.5127843022346497
267,265,0.5102083086967468
267,269,0.5081806182861328
268,269,0.5502314567565918
268,267,0.5127843022346497
268,281,0.4882727563381195
268,282,0.4857885241508484
268,271,0.48234567046165466
269,268,0.5502314567565918
269,265,0.5082923769950867
269,267,0.5081806182861328
269,266,0.4591405391693115
269,282,0.45477548241615295
270,112,0.5285993218421936
270,746,0.5227992534637451
270,229,0.5227210521697998
270,745,0.502600908279419
270,273,0.48323696851730347
271,265,0.5774341821670532
271,275,0.5603814721107483
271,247,0.5571967363357544
271,264,0.5417876243591309
271,273,0.5197405815124512
272,275,0.4924869239330292
272,228,0.47785356640815735
272,229,0.4505600929260254
272,239,0.434903085231781
272,227,0.4342830777168274
273,275,0.5264416933059692
273,271,0.5197405815124512
273,270,0.48323696851730347
273,274,0.479203462600708
273,236,0.47182419896125793
274,275,0.5372923612594604
274,265,0.502422034740448
274,273,0.479203462600708
274,264,0.4608984589576721
274,256,0.4563065767288208
275,271,0.5603814721107483
275,274,0.5372923612594604
275,273,0.5264416933059692
275,236,0.5137348771095276
275,240,0.5037416815757751
276,277,0.5368461012840271
276,411,0.5147632956504822
276,281,0.48769432306289673
276,292,0.4601151645183563
276,310,0.45148226618766785
277,278,0.5744328498840332
277,283,0.5580342411994934
277,281,0.5386550426483154
277,276,0.5368461012840271
277,280,0.5204246640205383
278,277,0.5744328498840332
278,283,0.5139736533164978
278,712,0.49585703015327454
278,282,0.4809219241142273
278,306,0.47749248147010803
279,280,0.5887554883956909
279,281,0.5672216415405273
279,277,0.5072089433670044
279,306,0.4904201030731201
279,283,0.4629732072353363
280,279,0.5887554883956909
280,281,0.5592553019523621
280,277,0.5204246640205383
280,283,0.4817139506340027
280,278,0.4700945019721985
281,279,0.5672216415405273
281,280,0.5592553019523621
281,277,0.5386550426483154
281,282,0.5325342416763306
281,283,0.502694308757782
282,281,0.5325342416763306
282,307,0.5301671624183655
282,268,0.4857885241508484
282,278,0.4809219241142273
282,283,0.4560542702674866
283,277,0.5580342411994934
283,288,0.5361064672470093
283,293,0.5185673832893372
283,278,0.5139736533164978
283,287,0.512712299823761
284,285,0.5427719354629517
284,262,0.5199967622756958
284,308,0.49445512890815735
284,286,0.42777761816978455
284,283,0.42016348242759705
285,284,0.5427719354629517
285,262,0.5270243287086487
285,283,0.47510215640068054
285,286,0.4695075750350952
285,261,0.4590061902999878
286,285,0.4695075750350952
286,283,0.46291661262512207
286,288,0.4564724862575531
286,310,0.44697844982147217
286,308,0.44124895334243774
287,288,0.5835074782371521
287,283,0.512712299823761
287,286,0.4305744767189026
287,254,0.42550188302993774
287,291,0.4181351661682129
288,287,0.5835074782371521
288,283,0.5361064672470093
288,418,0.4768158495426178
288,286,0.4564724862575531
288,306,0.4560402035713196
289,290,0.6197926998138428
289,292,0.5576345920562744
289,504,0.4516517221927643
289,501,0.4506729245185852
289,510,0.4216272234916687
290,289,0.6197926998138428
290,306,0.5224287509918213
290,291,0.474232941865921
290,501,0.4415087103843689
290,504,0.4333947002887726
291,414,0.5522645711898804
291,306,0.4937517046928406
291,290,0.474232941865921
291,262,0.44867902994155884
291,441,0.439200758934021
292,289,0.5576345920562744
292,310,0.5244218707084656
292,307,0.49797606468200684
292,309,0.46586325764656067
292,276,0.4601151645183563
293,294,0.5471972227096558
293,283,0.5185673832893372
293,307,0.49618393182754517
293,295,0.49235478043556213
293,298,0.46854814887046814
294,293,0.5471972227096558
294,295,0.5034715533256531
294,307,0.4600144028663635
294,421,0.4448797404766083
294,268,0.4431111812591553
295,296,0.5081701278686523
295,294,0.5034715533256531
295,293,0.49235478043556213
295,307,0.4817081093788147
295,252,0.4365823268890381
296,297,0.5360357761383057
296,252,0.5216591358184814
296,295,0.5081701278686523
296,293,0.4630192220211029
296,298,0.4405353367328644
297,296,0.5360357761383057
297,163,0.40034401416778564
297,102,0.3844582140445709
297,288,0.37151116132736206
297,280,0.3579627573490143
298,299,0.5385755896568298
298,293,0.46854814887046814
298,624,0.46446460485458374
298,415,0.4591972827911377
298,307,0.4585721492767334
299,298,0.5385755896568298
299,413,0.4956313967704773
299,307,0.4947624206542969
299,303,0.4716094732284546
299,283,0.439769983291626
300,307,0.43574434518814087
300,398,0.42926162481307983
300,534,0.40562471747398376
300,301,0.4052313268184662
300,299,0.4050614535808563
301,283,0.4721757769584656
301,307,0.47130870819091797
301,228,0.46688413619995117
301,310,0.4578939974308014
301,302,0.4470764398574829
302,400,0.5708138346672058
302,401,0.570565938949585
302,243,0.4649171829223633
302,301,0.4470764398574829
302,418,0.4422295391559601
303,309,0.49387603998184204
303,299,0.4716094732284546
303,310,0.44810211658477783
303,307,0.4398394227027893
303,305,0.4371597170829773
304,305,0.5222390294075012
304,309,0.43687424063682556
304,416,0.4232960045337677
304,436,0.41245949268341064
304,415,0.40915852785110474
305,304,0.5222390294075012
305,303,0.4371597170829773
305,309,0.4115889370441437
305,310,0.3910512328147888
305,286,0.3789065480232239
306,290,0.5224287509918213
306,291,0.4937517046928406
306,283,0.4916499853134155
306,279,0.4904201030731201
306,277,0.4892711341381073
307,282,0.5301671624183655
307,310,0.5061566829681396
307,292,0.49797606468200684
307,293,0.49618393182754517
307,309,0.49567466974258423
308,310,0.511019766330719
308,284,0.49445512890815735
308,307,0.4880583584308624
308,309,0.48461756110191345
308,306,0.471191942691803
309,307,0.49567466974258423
309,303,0.49387603998184204
309,308,0.48461756110191345
309,281,0.48273539543151855
309,310,0.4748421013355255
310,292,0.5244218707084656
310,308,0.511019766330719
310,307,0.5061566829681396
310,447,0.48039376735687256
310,309,0.4748421013355255
311,353,0.5139527916908264
311,312,0.5100511312484741
311,352,0.4987746775150299
311,357,0.4867156744003296
311,355,0.4842328727245331
312,363,0.5573148727416992
312,311,0.5100511312484741
312,369,0.5084653496742249
312,118,0.4925226867198944
312,449,0.4777778387069702
313,42,0.5376238226890564
313,76,0.5116996765136719
313,363,0.4968006908893585
313,47,0.48522090911865234
313,320,0.4716556668281555
314,47,0.5993597507476807
314,315,0.5249041318893433
314,319,0.47736889123916626
314,312,0.4689085781574249
314,313,0.4677827060222626
315,316,0.5612657070159912
315,314,0.5249041318893433
315,47,0.41365382075309753
315,317,0.39899033308029175
315,319,0.3780888020992279
316,315,0.5612657070159912
316,317,0.5296029448509216
316,363,0.4891926050186157
316,56,0.48918333649635315
316,364,0.456258088350296
317,316,0.5296029448509216
317,324,0.48837170004844666
317,364,0.4785318970680237
317,318,0.4489581882953644
317,57,0.44724446535110474
318,364,0.5586103200912476
318,319,0.5176566243171692
318,344,0.5095558166503906
318,321,0.502662181854248
318,323,0.4788411259651184
319,320,0.5919029712677002
319,318,0.5176566243171692
319,322,0.5079849362373352
319,321,0.5049405097961426
319,314,0.47736889123916626
320,319,0.5919029712677002
320,321,0.5146954655647278
320,323,0.48561906814575195
320,344,0.47179239988327026
320,313,0.4716556668281555
321,323,0.6351537704467773
321,69,0.5773822665214539
321,322,0.5334229469299316
321,320,0.5146954655647278
321,364,0.5106559991836548
322,321,0.5334229469299316
322,323,0.5189720392227173
322,319,0.5079849362373352
322,78,0.46730685234069824
322,355,0.4515467584133148
323,321,0.6351537704467773
323,322,0.5189720392227173
323,360,0.5159629583358765
323,344,0.5141951441764832
323,363,0.5070574283599854
324,317,0.48837170004844666
324,342,0.4837849736213684
324,321,0.46248820424079895
324,63,0.4552501142024994
324,364,0.4539245665073395
325,78,0.4978337287902832
325,326,0.4719518721103668
325,323,0.4639336168766022
325,313,0.4609242081642151
325,358,0.46066462993621826
326,325,0.4719518721103668
326,329,0.46955716609954834
326,327,0.46574389934539795
326,328,0.4635753631591797
326,365,0.44530636072158813
327,365,0.5206470489501953
327,328,0.5102580189704895
327,329,0.49397337436676025
327,332,0.47574856877326965
327,326,0.46574389934539795
328,329,0.6262802481651306
328,347,0.5809981822967529
328,327,0.5102580189704895
328,323,0.4740504026412964
328,326,0.4635753631591797
329,328,0.6262802481651306
329,347,0.551514744758606
329,366,0.518004834651947
329,327,0.49397337436676025
329,340,0.4933047890663147
330,331,0.5892226099967957
330,327,0.4622794985771179
330,334,0.43938836455345154
330,365,0.43408241868019104
330,329,0.43345117568969727
331,330,0.5892226099967957
331,333,0.4593732953071594
331,334,0.44584915041923523
331,365,0.4262758791446686
331,329,0.41962289810180664
332,348,0.49302905797958374
332,333,0.48101019859313965
332,327,0.47574856877326965
332,325,0.44303345680236816
332,329,0.4070994555950165
333,334,0.5126960873603821
333,332,0.48101019859313965
333,365,0.4800441861152649
333,331,0.4593732953071594
333,329,0.45313534140586853
334,333,0.5126960873603821
334,365,0.4825916290283203
334,323,0.4743817150592804
334,331,0.44584915041923523
334,330,0.43938836455345154
335,336,0.5422332286834717
335,319,0.45615354180336
335,321,0.4413745701313019
335,340,0.433741956949234
335,320,0.4303527772426605
336,335,0.5422332286834717
336,329,0.45476034283638
336,319,0.44597119092941284
336,339,0.4403340220451355
336,639,0.4386352002620697
337,338,0.6692480444908142
337,339,0.5670373439788818
337,340,0.5581586956977844
337,358,0.5146504044532776
337,363,0.4798669219017029
338,337,0.6692480444908142
338,339,0.5422581434249878
338,350,0.4777926802635193
338,365,0.4431438446044922
338,348,0.44269832968711853
339,337,0.5670373439788818
339,340,0.5665954947471619
339,338,0.5422581434249878
339,336,0.4403340220451355
339,326,0.43476778268814087
340,339,0.5665954947471619
340,337,0.5581586956977844
340,329,0.4933047890663147
340,363,0.4930013120174408
340,365,0.46949565410614014
341,342,0.5695138573646545
341,360,0.44766879081726074
341,343,0.43108871579170227
341,340,0.4263460338115692
341,363,0.42248374223709106
342,343,0.5991940498352051
342,341,0.5695138573646545
342,324,0.4837849736213684
342,365,0.4225894510746002
342,58,0.4199732542037964
343,342,0.5991940498352051
343,362,0.491814523935318
343,346,0.4558214843273163
343,341,0.43108871579170227
343,365,0.4229133129119873
344,364,0.6247855424880981
344,358,0.5893425941467285
344,360,0.5567320585250854
344,366,0.5435914993286133
344,363,0.5257043838500977
345,346,0.5865464210510254
345,347,0.48500898480415344
345,365,0.4548761546611786
345,366,0.4534572660923004
345,349,0.44773319363594055
346,345,0.5865464210510254
346,352,0.5111556649208069
346,343,0.4558214843273163
346,349,0.44453516602516174
346,366,0.4442766308784485
347,328,0.5809981822967529
347,329,0.551514744758606
347,345,0.48500898480415344
347,348,0.48204684257507324
347,337,0.4517550468444824
348,349,0.5936086177825928
348,332,0.49302905797958374
348,347,0.48204684257507324
348,357,0.4768645167350769
348,329,0.45306161046028137
349,348,0.5936086177825928
349,350,0.5320524573326111
349,345,0.44773319363594055
349,92,0.44664764404296875
349,346,0.44453516602516174
350,349,0.5320524573326111
350,338,0.4777926802635193
350,354,0.4676724672317505
350,351,0.45053452253341675
350,346,0.44153374433517456
351,366,0.5229629278182983
351,353,0.47866204380989075
351,352,0.4656331241130829
351,344,0.4630807340145111
351,357,0.4623718857765198
352,353,0.5501134991645813
352,346,0.5111556649208069
352,311,0.4987746775150299
352,354,0.4823644161224365
352,355,0.478908896446228
353,352,0.5501134991645813
353,354,0.5455831289291382
353,357,0.5368746519088745
353,355,0.5330771803855896
353,311,0.5139527916908264
354,355,0.5859272480010986
354,353,0.5455831289291382
354,357,0.5273774862289429
354,352,0.4823644161224365
354,350,0.4676724672317505
355,356,0.6302824020385742
355,354,0.5859272480010986
355,357,0.5665821433067322
355,353,0.5330771803855896
355,311,0.4842328727245331
356,355,0.6302824020385742
356,353,0.4494149088859558
356,352,0.44603270292282104
356,357,0.42400816082954407
356,333,0.40740838646888733
357,355,0.5665821433067322
357,353,0.5368746519088745
357,354,0.5273774862289429
357,311,0.4867156744003296
357,348,0.4768645167350769
358,344,0.5893425941467285
358,363,0.5750818252563477
358,360,0.5206213593482971
358,337,0.5146504044532776
358,323,0.494937539100647
359,360,0.5495894551277161
359,358,0.4846290349960327
359,364,0.4340228736400604
359,363,0.42535072565078735
359,329,0.42269453406333923
360,344,0.5567320585250854
360,359,0.5495894551277161
360,364,0.5380836129188538
360,366,0.5362532138824463
360,358,0.5206213593482971
361,362,0.5242981910705566
361,360,0.4832698106765747
361,329,0.4638153612613678
361,340,0.4408143162727356
361,342,0.4167051315307617
362,361,0.5242981910705566
362,343,0.491814523935318
362,360,0.47087758779525757
362,358,0.44356992840766907
362,316,0.43828094005584717
363,358,0.5750818252563477
363,312,0.5573148727416992
363,364,0.5516505241394043
363,344,0.5257043838500977
363,365,0.5222543478012085
364,344,0.6247855424880981
364,318,0.5586103200912476
364,363,0.5516505241394043
364,360,0.5380836129188538
364,366,0.5204743146896362
365,363,0.5222543478012085
365,327,0.5206470489501953
365,334,0.4825916290283203
365,333,0.4800441861152649
365,366,0.47665461897850037
366,344,0.5435914993286133
366,360,0.5362532138824463
366,351,0.5229629278182983
366,364,0.5204743146896362
366,329,0.518004834651947
367,365,0.47572317719459534
367,366,0.43755972385406494
367,327,0.42150893807411194
367,116,0.4052654206752777
367,344,0.39510440826416016
368,618,0.5319065451622009
368,639,0.4828530251979828
368,577,0.4723473787307739
368,622,0.4665267765522003
368,57,0.46321266889572144
369,222,0.6070776581764221
369,170,0.5774890184402466
369,619,0.5499515533447266
369,75,0.5487142205238342
369,118,0.5356585383415222
370,76,0.632633626461029
370,377,0.5456091165542603
370,620,0.5263748168945312
370,172,0.5090118646621704
370,171,0.5084488391876221
371,622,0.5308032631874084
371,372,0.489654541015625
371,383,0.45776671171188354
371,377,0.45502570271492004
371,621,0.4511350989341736
372,374,0.5956817269325256
372,621,0.592728316783905
372,406,0.5611355900764465
372,623,0.5198783874511719
372,373,0.501106858253479
373,374,0.575710654258728
373,372,0.501106858253479
373,621,0.46891701221466064
373,377,0.4467202425003052
373,406,0.41646555066108704
374,372,0.5956817269325256
374,373,0.575710654258728
374,376,0.5350348353385925
374,620,0.5328238606452942
374,621,0.5313597321510315
375,376,0.5284924507141113
375,623,0.4863778352737427
375,374,0.4731919765472412
375,621,0.4674699306488037
375,372,0.46458300948143005
376,374,0.5350348353385925
376,375,0.5284924507141113
376,623,0.5258396863937378
376,372,0.4624854028224945
376,620,0.46213021874427795
377,370,0.5456091165542603
377,372,0.4944489598274231
377,374,0.45600515604019165
377,371,0.45502570271492004
377,373,0.4467202425003052
378,379,0.585070013999939
378,623,0.5083962678909302
378,57,0.5082941651344299
378,58,0.4982200264930725
378,622,0.4929141104221344
379,378,0.585070013999939
379,59,0.5315365195274353
379,58,0.4344468116760254
379,57,0.42664825916290283
379,61,0.4158284664154053
380,406,0.5743827819824219
380,382,0.5570908784866333
380,381,0.5497890114784241
380,61,0.5494769215583801
380,385,0.5454550385475159
381,382,0.5920558571815491
381,380,0.5497890114784241
381,410,0.5219866633415222
381,408,0.5126424431800842
381,385,0.5103023648262024
382,381,0.5920558571815491
382,406,0.5734617710113525
382,380,0.5570908784866333
382,384,0.5487520694732666
382,385,0.5343052744865417
383,622,0.5979658365249634
383,385,0.5790262222290039
383,384,0.5669496059417725
383,623,0.529075562953949
383,382,0.5077620148658752
384,385,0.5949561595916748
384,383,0.5669496059417725
384,382,0.5487520694732666
384,623,0.5322235226631165
384,622,0.5253451466560364
385,384,0.5949561595916748
385,383,0.5790262222290039
385,623,0.5519171357154846
385,380,0.5454550385475159
385,382,0.5343052744865417
386,406,0.6409444808959961
386,623,0.5964102149009705
386,410,0.5699575543403625
386,387,0.541578471660614
386,408,0.5406729578971863
387,386,0.541578471660614
387,135,0.5397902727127075
387,94,0.5129681825637817
387,389,0.5107021927833557
387,407,0.4906488060951233
388,389,0.5263404250144958
388,102,0.5134009122848511
388,392,0.5015777945518494
388,390,0.4961794912815094
388,387,0.4902482330799103
389,390,0.565210223197937
389,135,0.5454165935516357
389,134,0.5352188944816589
389,388,0.5263404250144958
389,392,0.522103488445282
390,389,0.565210223197937
390,392,0.533566951751709
390,101,0.5126674175262451
390,134,0.5011252164840698
390,394,0.49708935618400574
391,409,0.5087406635284424
391,392,0.5063477158546448
391,395,0.48103758692741394
391,407,0.4751100540161133
391,410,0.4724070727825165
392,390,0.533566951751709
392,389,0.522103488445282
392,393,0.5194650888442993
392,394,0.5186495184898376
392,391,0.5063477158546448
393,392,0.5194650888442993
393,389,0.5155694484710693
393,394,0.4359200596809387
393,387,0.42067354917526245
393,401,0.4204895496368408
394,395,0.5304121375083923
394,392,0.5186495184898376
394,390,0.49708935618400574
394,389,0.49572908878326416
394,456,0.46551111340522766
395,407,0.5910581946372986
395,409,0.5344181060791016
395,394,0.5304121375083923
395,511,0.5251291990280151
395,396,0.5200237035751343
396,403,0.60356205701828
396,398,0.5563006401062012
396,227,0.537087082862854
396,395,0.5200237035751343
396,644,0.5066600441932678
397,259,0.6195238828659058
397,398,0.6091989874839783
397,260,0.5485401749610901
397,258,0.5359901189804077
397,396,0.4896351099014282
398,397,0.6091989874839783
398,259,0.5986207723617554
398,396,0.5563006401062012
398,260,0.5303937792778015
398,404,0.5268489718437195
399,251,0.4729163348674774
399,392,0.4423910081386566
399,139,0.43925338983535767
399,103,0.43292829394340515
399,401,0.42551910877227783
400,401,0.6152471303939819
400,302,0.5708138346672058
400,267,0.5595918297767639
400,251,0.4489911198616028
400,249,0.44668304920196533
401,400,0.6152471303939819
401,302,0.570565938949585
401,267,0.4388960003852844
401,301,0.4284866154193878
401,303,0.4262431263923645
402,404,0.5568903684616089
402,403,0.5453203916549683
402,405,0.5116723775863647
402,396,0.49306875467300415
402,395,0.4916166663169861
403,396,0.60356205701828
403,405,0.574119508266449
403,632,0.5563927888870239
403,402,0.5453203916549683
403,621,0.5305098295211792
404,402,0.5568903684616089
404,405,0.5315513610839844
404,398,0.5268489718437195
404,403,0.5168668031692505
404,395,0.4999210238456726
405,403,0.574119508266449
405,404,0.5315513610839844
405,402,0.5116723775863647
405,620,0.4880392253398895
405,644,0.47984933853149414
406,386,0.6409444808959961
406,623,0.6038297414779663
406,380,0.5743827819824219
406,382,0.5734617710113525
406,622,0.5682166814804077
407,395,0.5910581946372986
407,409,0.5894758701324463
407,410,0.5689353942871094
407,386,0.5185040831565857
407,406,0.5152247548103333
408,410,0.5725710391998291
408,386,0.5406729578971863
408,406,0.5382152199745178
408,409,0.524082601070404
408,381,0.5126424431800842
409,407,0.5894758701324463
409,395,0.5344181060791016
409,410,0.5330561399459839
409,408,0.524082601070404
409,391,0.5087406635284424
410,408,0.5725710391998291
410,386,0.5699575543403625
410,407,0.5689353942871094
410,406,0.5481577515602112
410,409,0.5330561399459839
411,413,0.6067765951156616
411,412,0.5306822061538696
411,417,0.5215842127799988
411,276,0.5147632956504822
411,221,0.5142096281051636
412,411,0.5306822061538696
412,619,0.510739803314209
412,532,0.5053087472915649
412,444,0.4902457892894745
412,449,0.48837944865226746
413,533,0.6724265813827515
413,411,0.6067765951156616
413,417,0.5468107461929321
413,424,0.523015558719635
413,437,0.5142101049423218
414,291,0.5522645711898804
414,415,0.5356061458587646
414,420,0.4728175401687622
414,419,0.47090083360671997
414,444,0.4672069847583771
415,416,0.5447051525115967
415,414,0.5356061458587646
415,298,0.4591972827911377
415,419,0.4444776773452759
415,417,0.42930543422698975
416,417,0.5956280827522278
416,415,0.5447051525115967
416,418,0.47276678681373596
416,419,0.47223490476608276
416,411,0.4290671944618225
417,416,0.5956280827522278
417,413,0.5468107461929321
417,418,0.5318296551704407
417,411,0.5215842127799988
417,419,0.5195794105529785
418,419,0.629188060760498
418,417,0.5318296551704407
418,243,0.49721503257751465
418,288,0.4768158495426178
418,416,0.47276678681373596
419,418,0.629188060760498
419,417,0.5195794105529785
419,421,0.4978574812412262
419,416,0.47223490476608276
419,414,0.47090083360671997
420,444,0.5041913986206055
420,414,0.4728175401687622
420,425,0.4601193070411682
420,298,0.44476082921028137
420,426,0.4352087080478668
421,411,0.4996790885925293
421,419,0.4978574812412262
421,456,0.4742615222930908
421,260,0.471472829580307
421,440,0.4550161361694336
422,534,0.6044695973396301
422,533,0.5428338646888733
422,413,0.48006027936935425
422,423,0.4740106463432312
422,412,0.4673551321029663
423,422,0.4740106463432312
423,575,0.43344151973724365
423,534,0.4213623106479645
423,533,0.41503116488456726
423,411,0.4122215509414673
424,413,0.523015558719635
424,447,0.4622929096221924
424,444,0.42926883697509766
424,437,0.42076995968818665
424,425,0.42070290446281433
425,413,0.5021422505378723
425,436,0.4821329712867737
425,555,0.47052329778671265
425,456,0.4694159924983978
425,426,0.46748119592666626
426,23,0.6085792779922485
426,427,0.5019726157188416
426,24,0.5009040832519531
426,425,0.46748119592666626
426,709,0.46715831756591797
427,428,0.5438121557235718
427,426,0.5019726157188416
427,455,0.48577916622161865
427,248,0.47658342123031616
427,417,0.46021774411201477
428,427,0.5438121557235718
428,444,0.5150793790817261
428,429,0.5014629364013672
428,430,0.4606362283229828
428,445,0.4535427689552307
429,430,0.5659152865409851
429,451,0.5566724538803101
429,428,0.5014629364013672
429,445,0.48361364006996155
429,438,0.48166054487228394
430,429,0.5659152865409851
430,454,0.5136420726776123
430,451,0.4816145896911621
430,455,0.47953522205352783
430,445,0.4780040681362152
431,433,0.674812912940979
431,453,0.5756698250770569
431,437,0.5657282471656799
431,434,0.5508204102516174
431,510,0.5470844507217407
432,511,0.5243834853172302
432,433,0.5100345015525818
432,434,0.4729507863521576
432,625,0.4646686911582947
432,446,0.4390031397342682
433,431,0.674812912940979
433,434,0.6239546537399292
433,446,0.5778831839561462
433,511,0.563740611076355
433,435,0.5334351062774658
434,433,0.6239546537399292
434,435,0.5670056939125061
434,452,0.555997371673584
434,431,0.5508204102516174
434,446,0.48315539956092834
435,434,0.5670056939125061
435,452,0.5352383852005005
435,431,0.5351830720901489
435,433,0.5334351062774658
435,447,0.46843355894088745
436,625,0.5161452889442444
436,425,0.4821329712867737
436,543,0.4643554985523224
436,624,0.45597347617149353
436,252,0.4444860816001892
437,445,0.6143708825111389
437,431,0.5657282471656799
437,447,0.5473730564117432
437,439,0.527857780456543
437,395,0.5185204148292542
438,439,0.6020616292953491
438,440,0.5736093521118164
438,488,0.5472259521484375
438,453,0.5320864915847778
438,451,0.513917863368988
439,438,0.6020616292953491
439,437,0.527857780456543
439,440,0.5241996049880981
439,501,0.4948393404483795
439,445,0.4900807738304138
440,502,0.5805023908615112
440,438,0.5736093521118164
440,439,0.5241996049880981
440,494,0.48715564608573914
440,501,0.485868901014328
441,442,0.4886868894100189
441,251,0.45932355523109436
441,421,0.4539864659309387
441,291,0.439200758934021
441,437,0.43227913975715637
442,451,0.5786455869674683
442,453,0.515682578086853
442,441,0.4886868894100189
442,398,0.4784300923347473
442,434,0.46955743432044983
443,453,0.5071889162063599
443,445,0.49381381273269653
443,451,0.46764352917671204
443,434,0.4633549153804779
443,457,0.46265655755996704
444,572,0.5545650720596313
444,164,0.5171781778335571
444,428,0.5150793790817261
444,447,0.5097354054450989
444,420,0.5041913986206055
445,437,0.6143708825111389
445,447,0.5956107378005981
445,575,0.5076478719711304
445,529,0.504425585269928
445,444,0.49988946318626404
446,433,0.5778831839561462
446,431,0.5227517485618591
446,437,0.5104833245277405
446,511,0.5086325407028198
446,447,0.502192497253418
447,445,0.5956107378005981
447,575,0.5843814015388489
447,437,0.5473730564117432
447,431,0.5444677472114563
447,742,0.5321692228317261
448,450,0.5538613200187683
448,459,0.4735702872276306
448,463,0.4535757601261139
448,481,0.4501239061355591
448,449,0.4484594166278839
449,694,0.6154359579086304
449,118,0.5468125343322754
449,619,0.529575765132904
449,460,0.5032181739807129
449,412,0.48837944865226746
450,448,0.5538613200187683
450,457,0.5503144860267639
450,473,0.5308874845504761
450,459,0.5228432416915894
450,458,0.5050840377807617
451,453,0.6036357283592224
451,442,0.5786455869674683
451,429,0.5566724538803101
451,455,0.5476265549659729
451,121,0.5236150026321411
452,434,0.555997371673584
452,435,0.5352383852005005
452,433,0.5097298622131348
452,453,0.5001331567764282
452,431,0.4670172333717346
453,451,0.6036357283592224
453,431,0.5756698250770569
453,488,0.5479050874710083
453,454,0.5407560467720032
453,438,0.5320864915847778
454,456,0.6124086976051331
454,455,0.6119283437728882
454,453,0.5407560467720032
454,474,0.5175458192825317
454,430,0.5136420726776123
455,454,0.6119283437728882
455,456,0.5940468311309814
455,451,0.5476265549659729
455,122,0.5338573455810547
455,466,0.5229568481445312
456,454,0.6124086976051331
456,455,0.5940468311309814
456,411,0.48002004623413086
456,430,0.4758942723274231
456,466,0.47463297843933105
457,459,0.6093872785568237
457,450,0.5503144860267639
457,482,0.5161584615707397
457,469,0.5151934027671814
457,477,0.4898441433906555
458,459,0.5557635426521301
458,562,0.5252063274383545
458,450,0.5050840377807617
458,457,0.4732115566730499
458,461,0.4556923806667328
459,457,0.6093872785568237
459,458,0.5557635426521301
459,450,0.5228432416915894
459,461,0.5164645910263062
459,481,0.5137127637863159
460,474,0.5727993249893188
460,453,0.5218309164047241
460,449,0.5032181739807129
460,488,0.4933900237083435
460,451,0.48879873752593994
461,481,0.5480411052703857
461,463,0.5327836275100708
461,459,0.5164645910263062
461,457,0.4812295436859131
461,450,0.4785785377025604
462,450,0.4243249297142029
462,448,0.40656161308288574
462,457,0.40451163053512573
462,461,0.3997543752193451
462,463,0.3865095376968384
463,461,0.5327836275100708
463,450,0.4830259084701538
463,465,0.4650030732154846
463,464,0.4619733691215515
463,458,0.45438697934150696
464,484,0.5792151093482971
464,481,0.5467368364334106
464,465,0.5459082126617432
464,469,0.5265147686004639
464,477,0.5145745873451233
465,467,0.6069994568824768
465,466,0.5782151222229004
465,464,0.5459082126617432
465,628,0.5134815573692322
465,629,0.5014609098434448
466,628,0.6118786334991455
466,474,0.5826930999755859
466,465,0.5782151222229004
466,121,0.5334270596504211
466,455,0.5229568481445312
467,465,0.6069994568824768
467,468,0.5291880965232849
467,466,0.4906730353832245
467,146,0.47864553332328796
467,629,0.4639701247215271
468,467,0.5291880965232849
468,480,0.48297709226608276
468,567,0.4747414290904999
468,561,0.47163650393486023
468,484,0.4305393695831299
469,481,0.5684351325035095
469,473,0.5613802671432495
469,482,0.5404954552650452
469,464,0.5265147686004639
469,457,0.5151934027671814
470,472,0.537326455116272
470,471,0.5142313838005066
470,663,0.46387600898742676
470,456,0.42616117000579834
470,466,0.4253203868865967
471,472,0.5532399415969849
471,470,0.5142313838005066
471,24,0.47787952423095703
471,25,0.4655393660068512
471,630,0.4504983723163605
472,471,0.5532399415969849
472,470,0.537326455116272
472,478,0.45858997106552124
472,24,0.44956526160240173
472,484,0.43316835165023804
473,478,0.5709607601165771
473,547,0.563839852809906
473,469,0.5613802671432495
473,477,0.5476710796356201
473,450,0.5308874845504761
474,121,0.6086826920509338
474,475,0.6008351445198059
474,548,0.5893328785896301
474,488,0.5865529179573059
474,466,0.5826930999755859
475,474,0.6008351445198059
475,548,0.5645983815193176
475,547,0.559991717338562
475,477,0.5435336232185364
475,483,0.5417467355728149
476,475,0.5243892073631287
476,478,0.48396384716033936
476,547,0.4807959794998169
476,548,0.455617755651474
476,477,0.43896135687828064
477,473,0.5476710796356201
477,475,0.5435336232185364
477,484,0.5434549450874329
477,550,0.5315514802932739
477,478,0.5272939205169678
478,473,0.5709607601165771
478,548,0.5334042310714722
478,477,0.5272939205169678
478,475,0.512673556804657
478,481,0.5029748678207397
479,480,0.601365327835083
479,482,0.3925974667072296
479,467,0.391440749168396
479,298,0.3754345178604126
479,461,0.37513285875320435
480,479,0.601365327835083
480,468,0.48297709226608276
480,482,0.4646773934364319
480,473,0.4352773427963257
480,478,0.42904773354530334
481,469,0.5684351325035095
481,461,0.5480411052703857
481,464,0.5467368364334106
481,473,0.5209726095199585
481,745,0.5176875591278076
482,469,0.5404954552650452
482,484,0.5324153900146484
482,483,0.5239917039871216
482,457,0.5161584615707397
482,481,0.5046367049217224
483,475,0.5417467355728149
483,484,0.5282048583030701
483,482,0.5239917039871216
483,474,0.5212902426719666
483,477,0.504377007484436
484,464,0.5792151093482971
484,477,0.5434549450874329
484,482,0.5324153900146484
484,483,0.5282048583030701
484,475,0.5213194489479065
485,526,0.5564090609550476
485,502,0.5140370726585388
485,169,0.4922550916671753
485,507,0.48179978132247925
485,501,0.4775547385215759
486,170,0.5655971169471741
486,497,0.5534427165985107
486,500,0.5459402799606323
486,489,0.5433949828147888
486,487,0.5415955781936646
487,506,0.5417313575744629
487,486,0.5415955781936646
487,629,0.5394253730773926
487,488,0.5037282705307007
487,497,0.5023722052574158
488,489,0.6109004616737366
488,474,0.5865529179573059
488,121,0.5615928769111633
488,453,0.5479050874710083
488,438,0.5472259521484375
489,506,0.6212607622146606
489,612,0.6150041222572327
489,488,0.6109004616737366
489,486,0.5433949828147888
489,509,0.516129195690155
490,489,0.5014122724533081
490,217,0.4875849783420563
490,509,0.47191861271858215
490,506,0.4692433178424835
490,491,0.46043694019317627
491,209,0.5903574228286743
491,492,0.505795955657959
491,490,0.46043694019317627
491,214,0.4464940130710602
491,205,0.41917264461517334
492,491,0.505795955657959
492,209,0.4672161638736725
492,205,0.42019927501678467
492,91,0.41966840624809265
492,214,0.40506136417388916
493,217,0.5102894306182861
493,487,0.4722362160682678
493,220,0.471968412399292
493,526,0.4679030776023865
493,219,0.4573800563812256
494,500,0.5686562657356262
494,495,0.5465922951698303
494,527,0.5331830382347107
494,517,0.5270378589630127
494,189,0.5268863439559937
495,496,0.6790124177932739
495,494,0.5465922951698303
495,497,0.46477702260017395
495,659,0.45950761437416077
495,486,0.452352374792099
496,495,0.6790124177932739
496,497,0.45060741901397705
496,494,0.447528600692749
496,486,0.440992146730423
496,581,0.4030786156654358
497,500,0.5548040866851807
497,486,0.5534427165985107
497,518,0.5087418556213379
497,487,0.5023722052574158
497,494,0.49878332018852234
498,725,0.4519500732421875
498,440,0.4394991397857666
498,494,0.4374980330467224
498,497,0.43399137258529663
498,499,0.4297689199447632
499,500,0.5410588979721069
499,528,0.5339835286140442
499,494,0.503413200378418
499,584,0.4900735020637512
499,497,0.4777105748653412
500,504,0.5974229574203491
500,583,0.5875800251960754
500,494,0.5686562657356262
500,503,0.5556326508522034
500,497,0.5548040866851807
501,510,0.577553927898407
501,506,0.5662953853607178
501,502,0.5463034510612488
501,504,0.5408945083618164
501,503,0.5383628606796265
502,440,0.5805023908615112
502,501,0.5463034510612488
502,504,0.5237753391265869
502,494,0.5213665962219238
502,485,0.5140370726585388
503,500,0.5556326508522034
503,501,0.5383628606796265
503,504,0.5342750549316406
503,506,0.5068089365959167
503,502,0.4911744296550751
504,500,0.5974229574203491
504,501,0.5408945083618164
504,503,0.5342750549316406
504,502,0.5237753391265869
504,453,0.5237178802490234
505,504,0.398274302482605
505,581,0.39052873849868774
505,503,0.38197189569473267
505,475,0.38007861375808716
505,98,0.37999624013900757
506,489,0.6212607622146606
506,509,0.5774400234222412
506,501,0.5662953853607178
506,487,0.5417313575744629
506,512,0.5328447818756104
507,508,0.6347001194953918
507,509,0.5920321345329285
507,215,0.48918870091438293
507,526,0.4849967360496521
507,485,0.48179978132247925
508,507,0.6347001194953918
508,509,0.604708194732666
508,194,0.4225766360759735
508,489,0.4103378355503082
508,336,0.4045507609844208
509,508,0.604708194732666
509,507,0.5920321345329285
509,506,0.5774400234222412
509,202,0.5433545112609863
509,489,0.516129195690155
510,511,0.6438409090042114
510,501,0.577553927898407
510,431,0.5470844507217407
510,506,0.5186319947242737
510,395,0.5060179233551025
511,510,0.6438409090042114
511,433,0.563740611076355
511,395,0.5251291990280151
511,432,0.5243834853172302
511,446,0.5086325407028198
512,513,0.5985553860664368
512,630,0.5341600179672241
512,506,0.5328447818756104
512,511,0.5035731792449951
512,396,0.49398666620254517
513,641,0.6036323308944702
513,512,0.5985553860664368
513,640,0.5790351629257202
513,639,0.5195890665054321
513,631,0.5024806261062622
514,527,0.6203434467315674
514,530,0.6159618496894836
514,516,0.5502570271492004
514,529,0.5273090600967407
514,526,0.5139592885971069
515,516,0.5285422801971436
515,514,0.5077373385429382
515,527,0.4962281882762909
515,440,0.4746897220611572
515,502,0.47243738174438477
516,518,0.5760485529899597
516,527,0.5545560121536255
516,514,0.5502570271492004
516,515,0.5285422801971436
516,529,0.5160815715789795
517,192,0.6434515714645386
517,519,0.5682713389396667
517,194,0.5548939108848572
517,518,0.5466448664665222
517,193,0.5386925339698792
518,194,0.6006437540054321
518,516,0.5760485529899597
518,527,0.5690269470214844
518,517,0.5466448664665222
518,192,0.5419570207595825
519,517,0.5682713389396667
519,189,0.565730094909668
519,199,0.5593270063400269
519,198,0.5585938692092896
519,192,0.5577991604804993
520,199,0.5399993658065796
520,518,0.48461246490478516
520,523,0.4826030731201172
520,519,0.47368869185447693
520,521,0.4713805019855499
521,522,0.6772125363349915
521,523,0.5322480797767639
521,520,0.4713805019855499
521,195,0.4060167074203491
521,525,0.4016692638397217
522,521,0.6772125363349915
522,523,0.47501111030578613
522,525,0.4423714280128479
522,520,0.398725688457489
522,195,0.3972479999065399
523,519,0.5448157787322998
523,521,0.5322480797767639
523,524,0.505448579788208
523,520,0.4826030731201172
523,199,0.4823269248008728
524,523,0.505448579788208
524,199,0.4981655478477478
524,520,0.4686519503593445
524,519,0.4524432122707367
524,219,0.42904749512672424
525,730,0.4882144331932068
525,519,0.4804423153400421
525,523,0.47537413239479065
525,584,0.4574054181575775
525,664,0.44659316539764404
526,485,0.5564090609550476
526,747,0.5388272404670715
526,216,0.5388190746307373
526,572,0.5219272375106812
526,738,0.5154044032096863
527,514,0.6203434467315674
527,219,0.5764390230178833
527,518,0.5690269470214844
527,217,0.5677568912506104
527,529,0.5546795129776001
528,499,0.5339835286140442
528,500,0.5252984166145325
528,529,0.47625163197517395
528,503,0.4645759165287018
528,655,0.45969653129577637
529,527,0.5546795129776001
529,220,0.5492680668830872
529,219,0.5298845171928406
529,514,0.5273090600967407
529,486,0.5233466029167175
530,514,0.6159618496894836
530,220,0.5213797688484192
530,527,0.5176891684532166
530,529,0.5005196928977966
530,516,0.4712478518486023
531,532,0.6400992274284363
531,533,0.5804789066314697
531,577,0.5507552623748779
531,543,0.5280306339263916
531,7,0.5229575037956238
532,531,0.6400992274284363
532,538,0.5329211354255676
532,537,0.5282493233680725
532,412,0.5053087472915649
532,619,0.49938201904296875
533,413,0.6724265813827515
533,531,0.5804789066314697
533,556,0.5788491368293762
533,534,0.5623596906661987
533,422,0.5428338646888733
534,422,0.6044695973396301
534,533,0.5623596906661987
534,535,0.5070831179618835
534,575,0.4797537624835968
534,531,0.4566495418548584
535,534,0.5070831179618835
535,422,0.4663230776786804
535,533,0.4617665410041809
535,539,0.45528706908226013
535,575,0.42477816343307495
536,538,0.503188967704773
536,543,0.4851768910884857
536,666,0.48405787348747253
536,531,0.4811358153820038
536,604,0.46553298830986023
537,532,0.5282493233680725
537,531,0.5194623470306396
537,538,0.5006454586982727
537,536,0.42374205589294434
537,543,0.4070453345775604
538,532,0.5329211354255676
538,531,0.5144772529602051
538,536,0.503188967704773
538,537,0.5006454586982727
538,543,0.4958604574203491
539,575,0.5025626420974731
539,538,0.48501884937286377
539,535,0.45528706908226013
539,422,0.4549276828765869
539,534,0.4470761716365814
540,573,0.4364742040634155
540,557,0.4329872131347656
540,542,0.42842593789100647
540,535,0.42398160696029663
540,543,0.420883446931839
541,684,0.45119374990463257
541,572,0.44529426097869873
541,422,0.42038431763648987
541,533,0.41915979981422424
541,568,0.41016510128974915
542,543,0.6373003125190735
542,575,0.465099960565567
542,556,0.459214985370636
542,558,0.45861440896987915
542,557,0.4525615870952606
543,542,0.6373003125190735
543,531,0.5280306339263916
543,538,0.4958604574203491
543,532,0.4936980605125427
543,536,0.4851768910884857
544,545,0.5918889045715332
544,546,0.554970920085907
544,605,0.551058828830719
544,573,0.5043481588363647
544,552,0.49726295471191406
545,546,0.6573281288146973
545,544,0.5918889045715332
545,605,0.5521048903465271
545,548,0.495074987411499
545,630,0.4873437285423279
546,545,0.6573281288146973
546,544,0.554970920085907
546,605,0.5363922715187073
546,575,0.4647992253303528
546,573,0.437453031539917
547,473,0.563839852809906
547,475,0.559991717338562
547,550,0.5316749811172485
547,695,0.5302740335464478
547,552,0.5175343155860901
548,474,0.5893328785896301
548,550,0.5740931034088135
548,475,0.5645983815193176
548,478,0.5334042310714722
548,477,0.5241697430610657
549,550,0.5734840631484985
549,572,0.4395115375518799
549,477,0.4259595572948456
549,598,0.4232122004032135
549,478,0.4082876443862915
550,552,0.628282368183136
550,548,0.5740931034088135
550,549,0.5734840631484985
550,649,0.5494417548179626
550,554,0.5334487557411194
551,550,0.5160671472549438
551,548,0.5129274129867554
551,474,0.5112286806106567
551,478,0.49818041920661926
551,649,0.47862714529037476
552,550,0.628282368183136
552,554,0.5842657685279846
552,547,0.5175343155860901
552,649,0.5091314315795898
552,573,0.5002936720848083
553,696,0.6069276332855225
553,488,0.534928023815155
553,474,0.505497932434082
553,552,0.485115110874176
553,503,0.48130351305007935
554,552,0.5842657685279846
554,550,0.5334487557411194
554,695,0.5326094627380371
554,572,0.5186612010002136
554,573,0.5155450701713562
555,554,0.4768270254135132
555,454,0.4713013470172882
555,425,0.47052329778671265
555,705,0.4657534062862396
555,664,0.4612163007259369
556,558,0.6212553381919861
556,572,0.6124987006187439
556,533,0.5788491368293762
556,557,0.5484883189201355
556,575,0.5388401746749878
557,556,0.5484883189201355
557,572,0.5391943454742432
557,559,0.4915533661842346
557,558,0.4798629879951477
557,538,0.4702037572860718
558,556,0.6212553381919861
558,572,0.5227416157722473
558,574,0.5087024569511414
558,575,0.5013818740844727
558,557,0.4798629879951477
559,560,0.6555113196372986
559,566,0.5123373866081238
559,556,0.5063991546630859
559,570,0.5026757121086121
559,561,0.4995332658290863
560,559,0.6555113196372986
560,561,0.6068973541259766
560,556,0.4966103732585907
560,569,0.4930257201194763
560,563,0.47352200746536255
561,560,0.6068973541259766
561,563,0.5755468606948853
561,556,0.5325374603271484
561,562,0.5163205862045288
561,573,0.5158849358558655
562,563,0.5598111748695374
562,458,0.5252063274383545
562,561,0.5163205862045288
562,459,0.4938594400882721
562,674,0.4725947380065918
563,561,0.5755468606948853
563,562,0.5598111748695374
563,574,0.5380417108535767
563,564,0.5234467387199402
563,606,0.5167250037193298
564,606,0.5492980480194092
564,563,0.5234467387199402
564,574,0.5079025030136108
564,568,0.49439096450805664
564,607,0.4848438501358032
565,566,0.5298482775688171
565,570,0.45875391364097595
565,556,0.45010992884635925
565,568,0.4389228820800781
565,561,0.4387175738811493
566,565,0.5298482775688171
566,606,0.5213998556137085
566,559,0.5123373866081238
566,568,0.5033864378929138
566,608,0.5025500655174255
567,568,0.588241696357727
567,575,0.5232441425323486
567,561,0.5126039981842041
567,468,0.4747414290904999
567,573,0.45771801471710205
568,567,0.588241696357727
568,566,0.5033864378929138
568,564,0.49439096450805664
568,575,0.48794546723365784
568,531,0.48744630813598633
569,606,0.5244521498680115
569,573,0.514394223690033
569,561,0.506625235080719
569,566,0.5018787980079651
569,571,0.49920082092285156
570,559,0.5026757121086121
570,573,0.49370548129081726
570,575,0.4670880436897278
570,560,0.4665892720222473
570,565,0.45875391364097595
571,554,0.5054030418395996
571,569,0.49920082092285156
571,605,0.49591389298439026
571,573,0.4873785972595215
571,603,0.4836684465408325
572,556,0.6124987006187439
572,444,0.5545650720596313
572,738,0.5459986329078674
572,688,0.5410373210906982
572,557,0.5391943454742432
573,575,0.5778231620788574
573,576,0.5481876730918884
573,556,0.5264176726341248
573,561,0.5158849358558655
573,554,0.5155450701713562
574,575,0.5694907307624817
574,563,0.5380417108535767
574,558,0.5087024569511414
574,564,0.5079025030136108
574,556,0.48297828435897827
575,447,0.5843814015388489
575,573,0.5778231620788574
575,574,0.5694907307624817
575,556,0.5388401746749878
575,533,0.5316885709762573
576,573,0.5481876730918884
576,575,0.5047756433486938
576,569,0.4881822466850281
576,561,0.4782504737377167
576,571,0.4644528925418854
577,596,0.6143192052841187
577,658,0.6080820560455322
577,579,0.6024888753890991
577,578,0.60193932056427
577,662,0.5883426666259766
578,658,0.6196787357330322
578,577,0.60193932056427
578,659,0.5762304663658142
578,584,0.5693040490150452
578,613,0.54721999168396
579,583,0.6742218732833862
579,577,0.6024888753890991
579,585,0.5934152603149414
579,596,0.5918892025947571
579,582,0.574128270149231
580,601,0.5839196443557739
580,614,0.534347653388977
580,581,0.534072756767273
580,617,0.5296602845191956
580,579,0.5271692872047424
581,580,0.534072756767273
581,579,0.46737390756607056
581,583,0.4523063898086548
581,582,0.4522220492362976
581,82,0.44432756304740906
582,579,0.574128270149231
582,583,0.5460085868835449
582,577,0.5422285795211792
582,585,0.504804253578186
582,584,0.5020551681518555
583,579,0.6742218732833862
583,586,0.6114565134048462
583,500,0.5875800251960754
583,659,0.5729178190231323
583,584,0.5689552426338196
584,578,0.5693040490150452
584,583,0.5689552426338196
584,726,0.5213185548782349
584,182,0.5159034729003906
584,582,0.5020551681518555
585,579,0.5934152603149414
585,583,0.5481885671615601
585,590,0.5389512777328491
585,586,0.5367622375488281
585,601,0.5336208939552307
586,583,0.6114565134048462
586,591,0.5920059084892273
586,579,0.5677356719970703
586,659,0.5566229820251465
586,662,0.5536618232727051
587,588,0.5830277800559998
587,586,0.5318438410758972
587,589,0.5066871643066406
587,593,0.4840792119503021
587,613,0.48216092586517334
588,613,0.5883691310882568
588,587,0.5830277800559998
588,596,0.5527932643890381
588,589,0.5397281646728516
588,590,0.5210728049278259
589,613,0.6028842926025391
589,590,0.593154788017273
589,593,0.5641671419143677
589,615,0.5593003630638123
589,586,0.5527741312980652
590,589,0.593154788017273
590,593,0.54768967628479
590,585,0.5389512777328491
590,588,0.5210728049278259
590,613,0.5073179602622986
591,586,0.5920059084892273
591,662,0.5848076939582825
591,659,0.5819814205169678
591,596,0.5473635196685791
591,593,0.5162330269813538
592,594,0.5035087466239929
592,593,0.468677282333374
592,591,0.4592727720737457
592,588,0.4490950405597687
592,596,0.4383610486984253
593,594,0.587960958480835
593,595,0.5761511325836182
593,589,0.5641671419143677
593,590,0.54768967628479
593,586,0.5361639261245728
594,593,0.587960958480835
594,588,0.5188111662864685
594,613,0.5159839391708374
594,589,0.5114936232566833
594,592,0.5035087466239929
595,596,0.6210220456123352
595,593,0.5761511325836182
595,615,0.5727063417434692
595,662,0.5414701700210571
595,600,0.49172699451446533
596,662,0.6930207014083862
596,595,0.6210220456123352
596,577,0.6143192052841187
596,597,0.6108848452568054
596,579,0.5918892025947571
597,662,0.6300833821296692
597,596,0.6108848452568054
597,577,0.5829368233680725
597,659,0.549007773399353
597,600,0.5474911332130432
598,662,0.5793402194976807
598,596,0.528820812702179
598,600,0.5254600644111633
598,597,0.492998868227005
598,610,0.4912618398666382
599,589,0.4704175889492035
599,613,0.4171161651611328
599,663,0.41625356674194336
599,578,0.41133084893226624
599,593,0.40473902225494385
600,597,0.5474911332130432
600,617,0.5333548188209534
600,598,0.5254600644111633
600,662,0.5220465064048767
600,613,0.49863311648368835
601,602,0.597205400466919
601,580,0.5839196443557739
601,579,0.5688707828521729
601,585,0.5336208939552307
601,659,0.5297217965126038
602,601,0.597205400466919
602,614,0.5293799042701721
602,660,0.5217626690864563
602,659,0.5114532113075256
602,596,0.5033162832260132
603,605,0.5590057969093323
603,689,0.5503456592559814
603,658,0.5370628237724304
603,666,0.5260937809944153
603,577,0.5249326825141907
604,667,0.5433954000473022
604,666,0.5279628038406372
604,603,0.5230265259742737
604,536,0.46553298830986023
604,689,0.45759761333465576
605,603,0.5590057969093323
605,545,0.5521048903465271
605,544,0.551058828830719
605,546,0.5363922715187073
605,571,0.49591389298439026
606,607,0.6389208436012268
606,564,0.5492980480194092
606,569,0.5244521498680115
606,566,0.5213998556137085
606,563,0.5167250037193298
607,606,0.6389208436012268
607,609,0.5572591423988342
607,603,0.5006718635559082
607,608,0.4955631494522095
607,564,0.4848438501358032
608,566,0.5025500655174255
608,607,0.4955631494522095
608,454,0.48154520988464355
608,606,0.4730009436607361
608,710,0.4592646062374115
609,721,0.5752185583114624
609,610,0.5717542171478271
609,607,0.5572591423988342
609,723,0.5092295408248901
609,722,0.5076373219490051
610,609,0.5717542171478271
610,721,0.5206283330917358
610,664,0.4939538240432739
610,598,0.4912618398666382
610,611,0.49053579568862915
611,610,0.49053579568862915
611,704,0.4838622510433197
611,489,0.4815520942211151
611,454,0.47897088527679443
611,664,0.4752148687839508
612,489,0.6150041222572327
612,597,0.5166297554969788
612,700,0.4849451184272766
612,488,0.48274746537208557
612,506,0.48153156042099
613,589,0.6028842926025391
613,588,0.5883691310882568
613,216,0.5772225856781006
613,738,0.5743006467819214
613,578,0.54721999168396
614,617,0.569320023059845
614,580,0.534347653388977
614,602,0.5293799042701721
614,601,0.5256789326667786
614,613,0.5246955156326294
615,595,0.5727063417434692
615,589,0.5593003630638123
615,596,0.5545729994773865
615,613,0.5463463068008423
615,614,0.5122050046920776
616,617,0.5453652739524841
616,614,0.5137141942977905
616,613,0.5006111860275269
616,596,0.4774714708328247
616,578,0.4769226908683777
617,614,0.569320023059845
617,616,0.5453652739524841
617,661,0.5391068458557129
617,600,0.5333548188209534
617,689,0.5297489166259766
618,637,0.5930491089820862
618,619,0.5569592714309692
618,577,0.547036349773407
618,646,0.5417948961257935
618,8,0.5319235324859619
619,694,0.56205153465271
619,618,0.5569592714309692
619,369,0.5499515533447266
619,630,0.5376167297363281
619,449,0.529575765132904
620,631,0.5935319662094116
620,621,0.5750985145568848
620,644,0.5646703839302063
620,374,0.5328238606452942
620,653,0.5306297540664673
621,622,0.6040214896202087
621,372,0.592728316783905
621,620,0.5750985145568848
621,623,0.5722571611404419
621,374,0.5313597321510315
622,621,0.6040214896202087
622,383,0.5979658365249634
622,623,0.5948489904403687
622,406,0.5682166814804077
622,632,0.5650249719619751
623,406,0.6038297414779663
623,386,0.5964102149009705
623,622,0.5948489904403687
623,621,0.5722571611404419
623,385,0.5519171357154846
624,625,0.513224720954895
624,627,0.4887951612472534
624,654,0.48099803924560547
624,407,0.4784184396266937
624,298,0.46446460485458374
625,436,0.5161452889442444
625,624,0.513224720954895
625,451,0.4811224341392517
625,619,0.47592008113861084
625,433,0.47326624393463135
626,627,0.5068730115890503
626,624,0.44860267639160156
626,625,0.42155468463897705
626,397,0.40640074014663696
626,436,0.3955239951610565
627,626,0.5068730115890503
627,624,0.4887951612472534
627,421,0.454364538192749
627,298,0.4402989149093628
627,625,0.43413370847702026
628,466,0.6118786334991455
628,629,0.6067194938659668
628,474,0.5148125886917114
628,465,0.5134815573692322
628,548,0.4999197721481323
629,628,0.6067194938659668
629,634,0.5633403658866882
629,631,0.5610143542289734
629,487,0.5394253730773926
629,649,0.5386626124382019
630,619,0.5376167297363281
630,512,0.5341600179672241
630,631,0.5294740200042725
630,513,0.4999636709690094
630,654,0.49776095151901245
631,655,0.5977919697761536
631,654,0.5966474413871765
631,644,0.5965660810470581
631,620,0.5935319662094116
631,629,0.5610143542289734
632,635,0.6844504475593567
632,646,0.5823976397514343
632,622,0.5650249719619751
632,403,0.5563927888870239
632,634,0.5466861724853516
633,637,0.5445747971534729
633,636,0.5018684267997742
633,631,0.49771633744239807
633,632,0.4929823875427246
633,648,0.4767574667930603
634,635,0.6666068434715271
634,636,0.6030843257904053
634,629,0.5633403658866882
634,632,0.5466861724853516
634,655,0.5360565185546875
635,632,0.6844504475593567
635,634,0.6666068434715271
635,646,0.6447101831436157
635,636,0.6015715599060059
635,631,0.5460985898971558
636,637,0.6586331129074097
636,634,0.6030843257904053
636,635,0.6015715599060059
636,646,0.5471475720405579
636,618,0.5201489329338074
637,636,0.6586331129074097
637,618,0.5930491089820862
637,633,0.5445747971534729
637,674,0.520720362663269
637,664,0.5205657482147217
638,640,0.6809827089309692
638,639,0.576676607131958
638,641,0.5432734489440918
638,623,0.5380962491035461
638,656,0.5300180912017822
639,640,0.6252780556678772
639,638,0.576676607131958
639,513,0.5195890665054321
639,641,0.503666341304779
639,643,0.4971470832824707
640,638,0.6809827089309692
640,639,0.6252780556678772
640,641,0.6207591891288757
640,643,0.5887507796287537
640,513,0.5790351629257202
641,640,0.6207591891288757
641,513,0.6036323308944702
641,642,0.5547003746032715
641,643,0.5522356033325195
641,638,0.5432734489440918
642,643,0.6831148862838745
642,641,0.5547003746032715
642,640,0.5447747707366943
642,639,0.4510660767555237
642,513,0.4428543746471405
643,642,0.6831148862838745
643,640,0.5887507796287537
643,641,0.5522356033325195
643,639,0.4971470832824707
643,513,0.47151699662208557
644,631,0.5965660810470581
644,620,0.5646703839302063
644,655,0.5497410297393799
644,396,0.5066600441932678
644,653,0.5003155469894409
645,646,0.5728320479393005
645,634,0.5305856466293335
645,632,0.500361979007721
645,655,0.49609750509262085
645,644,0.48741522431373596
646,635,0.6447101831436157
646,632,0.5823976397514343
646,645,0.5728320479393005
646,636,0.5471475720405579
646,618,0.5417948961257935
647,648,0.5197979211807251
647,703,0.4830164611339569
647,646,0.4822618365287781
647,630,0.4734858274459839
647,619,0.47225138545036316
648,647,0.5197979211807251
648,620,0.49986034631729126
648,402,0.4855557680130005
648,653,0.4852272570133209
648,407,0.4839407801628113
649,550,0.5494417548179626
649,650,0.5407887697219849
649,629,0.5386626124382019
649,552,0.5091314315795898
649,651,0.4790341258049011
650,651,0.761000394821167
650,649,0.5407887697219849
650,629,0.48425838351249695
650,548,0.47061607241630554
650,646,0.46564537286758423
651,650,0.761000394821167
651,649,0.4790341258049011
651,629,0.478377103805542
651,545,0.47694677114486694
651,548,0.4608609974384308
652,651,0.4543439745903015
652,650,0.45180436968803406
652,648,0.4449218511581421
652,656,0.4376264810562134
652,644,0.422305703163147
653,620,0.5306297540664673
653,655,0.5248664021492004
653,631,0.5199518799781799
653,634,0.5016131401062012
653,644,0.5003155469894409
654,655,0.5979074239730835
654,631,0.5966474413871765
654,620,0.5231708288192749
654,410,0.5071192383766174
654,630,0.49776095151901245
655,654,0.5979074239730835
655,631,0.5977919697761536
655,656,0.5584571361541748
655,644,0.5497410297393799
655,635,0.5393122434616089
656,655,0.5584571361541748
656,638,0.5300180912017822
656,631,0.5183528065681458
656,635,0.4956640303134918
656,623,0.49419304728507996
657,658,0.6425588726997375
657,688,0.618015468120575
657,669,0.6102849245071411
657,665,0.5872135162353516
657,692,0.580440878868103
658,665,0.668864369392395
658,688,0.6600547432899475
658,657,0.6425588726997375
658,661,0.6370704770088196
658,578,0.6196787357330322
659,662,0.6202142834663391
659,591,0.5819814205169678
659,578,0.5762304663658142
659,583,0.5729178190231323
659,577,0.5609633326530457
660,602,0.5217626690864563
660,663,0.49526533484458923
660,661,0.4810493588447571
660,658,0.48068660497665405
660,659,0.4780868887901306
661,658,0.6370704770088196
661,662,0.600010097026825
661,689,0.5804774165153503
661,596,0.5663067698478699
661,659,0.5571427941322327
662,596,0.6930207014083862
662,597,0.6300833821296692
662,659,0.6202142834663391
662,661,0.600010097026825
662,663,0.5923915505409241
663,664,0.6205509305000305
663,662,0.5923915505409241
663,596,0.588341474533081
663,661,0.5452489852905273
663,689,0.5444973111152649
664,717,0.6283135414123535
664,663,0.6205509305000305
664,665,0.6046028733253479
664,658,0.582358181476593
664,577,0.5405949354171753
665,658,0.668864369392395
665,664,0.6046028733253479
665,657,0.5872135162353516
665,688,0.5408670902252197
665,667,0.5341724157333374
666,667,0.6342601776123047
666,658,0.567709743976593
666,688,0.548618495464325
666,604,0.5279628038406372
666,603,0.5260937809944153
667,666,0.6342601776123047
667,688,0.6019709706306458
667,689,0.6004378199577332
667,604,0.5433954000473022
667,658,0.5402405261993408
668,669,0.6078259944915771
668,692,0.5881274938583374
668,690,0.5784536600112915
668,688,0.5647611021995544
668,675,0.5556051135063171
669,670,0.6336385607719421
669,657,0.6102849245071411
669,668,0.6078259944915771
669,690,0.5880275964736938
669,688,0.5754912495613098
670,669,0.6336385607719421
670,688,0.5354483127593994
670,657,0.5317558646202087
670,671,0.5312680006027222
670,690,0.4922989308834076
671,670,0.5312680006027222
671,669,0.5180885791778564
671,690,0.5055038332939148
671,657,0.4738807678222656
671,673,0.4702138602733612
672,682,0.5761590600013733
672,657,0.5256592631340027
672,673,0.5129724144935608
672,680,0.486123651266098
672,665,0.4825369119644165
673,672,0.5129724144935608
673,671,0.4702138602733612
673,690,0.452858567237854
673,675,0.43848568201065063
673,691,0.4130794405937195
674,637,0.520720362663269
674,675,0.4870170056819916
674,503,0.47839275002479553
674,562,0.4725947380065918
674,686,0.458799809217453
675,692,0.6075079441070557
675,684,0.5930808186531067
675,690,0.5701373815536499
675,683,0.5674552917480469
675,668,0.5556051135063171
676,677,0.6467610001564026
676,678,0.5207435488700867
676,690,0.5201199650764465
676,679,0.49969059228897095
676,657,0.4937132000923157
677,676,0.6467610001564026
677,678,0.5596965551376343
677,690,0.4780954122543335
677,679,0.4764053225517273
677,682,0.4750019609928131
678,679,0.5841904878616333
678,691,0.5665937066078186
678,677,0.5596965551376343
678,658,0.5566152334213257
678,676,0.5207435488700867
679,678,0.5841904878616333
679,691,0.5755618214607239
679,665,0.5258936882019043
679,711,0.5133556127548218
679,676,0.49969059228897095
680,681,0.5569759607315063
680,657,0.5164514183998108
680,683,0.4995458722114563
680,679,0.4882832169532776
680,682,0.4864811599254608
681,680,0.5569759607315063
681,682,0.5173012614250183
681,683,0.5081030130386353
681,679,0.4877640902996063
681,676,0.44804003834724426
682,683,0.6417756676673889
682,672,0.5761590600013733
682,681,0.5173012614250183
682,657,0.5060407519340515
682,680,0.4864811599254608
683,682,0.6417756676673889
683,675,0.5674552917480469
683,684,0.5466471910476685
683,692,0.5274981260299683
683,688,0.5217854976654053
684,685,0.6298957467079163
684,692,0.6148618459701538
684,675,0.5930808186531067
684,688,0.5781182646751404
684,691,0.5722323656082153
685,684,0.6298957467079163
685,675,0.493023157119751
685,683,0.4880064129829407
685,692,0.48476868867874146
685,657,0.4763559103012085
686,597,0.53459233045578
686,662,0.5316846370697021
686,687,0.5312879085540771
686,688,0.5185413360595703
686,666,0.5180929899215698
687,686,0.5312879085540771
687,689,0.4907272458076477
687,661,0.48873478174209595
687,688,0.48836690187454224
687,598,0.47323405742645264
688,658,0.6600547432899475
688,690,0.6346655488014221
688,657,0.618015468120575
688,692,0.6135401725769043
688,667,0.6019709706306458
689,667,0.6004378199577332
689,661,0.5804774165153503
689,658,0.5641872882843018
689,688,0.5531193017959595
689,603,0.5503456592559814
690,688,0.6346655488014221
690,692,0.6342554092407227
690,669,0.5880275964736938
690,668,0.5784536600112915
690,675,0.5701373815536499
691,679,0.5755618214607239
691,684,0.5722323656082153
691,678,0.5665937066078186
691,741,0.5015584826469421
691,692,0.4873138964176178
692,690,0.6342554092407227
692,684,0.6148618459701538
692,658,0.6148338913917542
692,688,0.6135401725769043
692,675,0.6075079441070557
693,577,0.5086584687232971
693,411,0.4727400541305542
693,694,0.4617713391780853
693,710,0.4575914740562439
693,24,0.45694977045059204
694,449,0.6154359579086304
694,619,0.56205153465271
694,118,0.5142413973808289
694,701,0.5063961744308472
694,752,0.4989986717700958
695,697,0.5620110630989075
695,554,0.5326094627380371
695,547,0.5302740335464478
695,711,0.5170106887817383
695,739,0.49739232659339905
696,553,0.6069276332855225
696,704,0.5431101322174072
696,697,0.5367763638496399
696,451,0.49955984950065613
696,722,0.4866582453250885
697,695,0.5620110630989075
697,696,0.5367763638496399
697,739,0.5198312997817993
697,554,0.4928286671638489
697,552,0.4843885600566864
698,706,0.5697981119155884
698,705,0.5585368871688843
698,699,0.5214436054229736
698,701,0.5086581707000732
698,710,0.48323994874954224
699,705,0.5775415301322937
699,701,0.5685203671455383
699,704,0.545329749584198
699,698,0.5214436054229736
699,706,0.4978083074092865
700,701,0.609247088432312
700,702,0.5298426747322083
700,612,0.4849451184272766
700,703,0.4829599857330322
700,704,0.46170684695243835
701,705,0.6225043535232544
701,700,0.609247088432312
701,699,0.5685203671455383
701,702,0.5635892748832703
701,704,0.5626941323280334
702,701,0.5635892748832703
702,700,0.5298426747322083
702,703,0.506338894367218
702,699,0.47439852356910706
702,697,0.46985259652137756
703,704,0.5335099697113037
703,702,0.506338894367218
703,488,0.5054704546928406
703,701,0.4876188039779663
703,647,0.4830164611339569
704,705,0.6381179690361023
704,701,0.5626941323280334
704,699,0.545329749584198
704,696,0.5431101322174072
704,703,0.5335099697113037
705,704,0.6381179690361023
705,701,0.6225043535232544
705,699,0.5775415301322937
705,710,0.5641201138496399
705,698,0.5585368871688843
706,698,0.5697981119155884
706,707,0.5622709393501282
706,705,0.5477909445762634
706,699,0.4978083074092865
706,731,0.4908639192581177
707,706,0.5622709393501282
707,708,0.483040452003479
707,698,0.46634167432785034
707,732,0.4532988369464874
707,24,0.4358395040035248
708,710,0.5310531854629517
708,705,0.4890303909778595
708,709,0.48402079939842224
708,707,0.483040452003479
708,697,0.4617273807525635
709,710,0.48483753204345703
709,708,0.48402079939842224
709,704,0.47021645307540894
709,426,0.46715831756591797
709,24,0.46469318866729736
710,705,0.5641201138496399
710,708,0.5310531854629517
710,704,0.4903358817100525
710,709,0.48483753204345703
710,698,0.48323994874954224
711,739,0.5202075839042664
711,695,0.5170106887817383
711,679,0.5133556127548218
711,554,0.46324437856674194
711,738,0.4582473337650299
712,713,0.6806138753890991
712,278,0.49585703015327454
712,715,0.4175105392932892
712,234,0.3934963345527649
712,242,0.38583749532699585
713,712,0.6806138753890991
713,715,0.5026335120201111
713,278,0.462118923664093
713,714,0.44741830229759216
713,241,0.405247300863266
714,713,0.44741830229759216
714,715,0.4258274435997009
714,241,0.34664803743362427
714,16,0.31902429461479187
714,240,0.31514206528663635
715,713,0.5026335120201111
715,714,0.4258274435997009
715,712,0.4175105392932892
715,740,0.36784806847572327
715,242,0.3493998646736145
716,721,0.5979878306388855
716,718,0.5797137022018433
716,723,0.5476852655410767
716,738,0.5342283248901367
716,717,0.5323692560195923
717,664,0.6283135414123535
717,716,0.5323692560195923
717,721,0.5134745836257935
717,719,0.5058659315109253
717,718,0.4891929030418396
718,716,0.5797137022018433
718,738,0.5526219606399536
718,719,0.5203152298927307
718,720,0.5152708888053894
718,717,0.4891929030418396
719,720,0.6599714159965515
719,718,0.5203152298927307
719,717,0.5058659315109253
719,705,0.4847280979156494
719,699,0.46871334314346313
720,719,0.6599714159965515
720,718,0.5152708888053894
720,738,0.48660436272621155
720,708,0.44953596591949463
720,716,0.42565613985061646
721,716,0.5979878306388855
721,723,0.5950754284858704
721,722,0.5902389287948608
721,609,0.5752185583114624
721,610,0.5206283330917358
722,721,0.5902389287948608
722,548,0.5231913328170776
722,723,0.5230389833450317
722,701,0.5149136185646057
722,609,0.5076373219490051
723,721,0.5950754284858704
723,716,0.5476852655410767
723,664,0.5405188798904419
723,722,0.5230389833450317
723,609,0.5092295408248901
724,661,0.5446665287017822
724,725,0.5202490091323853
724,726,0.5073800086975098
724,658,0.49778732657432556
724,723,0.49491527676582336
725,726,0.604421854019165
725,724,0.5202490091323853
725,577,0.49296581745147705
725,182,0.4870416224002838
725,499,0.47332319617271423
726,725,0.604421854019165
726,727,0.5368738174438477
726,182,0.5339755415916443
726,584,0.5213185548782349
726,659,0.5116428136825562
727,726,0.5368738174438477
727,728,0.527683675289154
727,659,0.498404860496521
727,578,0.4678786098957062
727,584,0.4665464460849762
728,727,0.527683675289154
728,586,0.3781605660915375
728,659,0.3661285936832428
728,494,0.3546736538410187
728,662,0.3537299633026123
729,735,0.6447409391403198
729,734,0.6101428270339966
729,742,0.6023719906806946
729,739,0.5820990204811096
729,741,0.5816339254379272
730,731,0.5976737141609192
730,729,0.5294917821884155
730,664,0.5213042497634888
730,525,0.4882144331932068
730,733,0.4762115180492401
731,730,0.5976737141609192
731,733,0.5819940567016602
731,732,0.5749354958534241
731,729,0.573743999004364
731,734,0.5314809679985046
732,733,0.6155332922935486
732,731,0.5749354958534241
732,734,0.5424976944923401
732,706,0.4868803024291992
732,729,0.47834542393684387
733,734,0.6362110376358032
733,732,0.6155332922935486
733,731,0.5819940567016602
733,130,0.493660569190979
733,730,0.4762115180492401
734,733,0.6362110376358032
734,729,0.6101428270339966
734,732,0.5424976944923401
734,731,0.5314809679985046
734,735,0.47681668400764465
735,729,0.6447409391403198
735,739,0.6301477551460266
735,741,0.6243319511413574
735,742,0.593444287776947
735,736,0.5360640287399292
736,735,0.5360640287399292
736,737,0.5269702076911926
736,729,0.48452529311180115
736,185,0.43641340732574463
736,405,0.4310169816017151
737,736,0.5269702076911926
737,729,0.5189007520675659
737,730,0.4428240954875946
737,735,0.4264741539955139
737,187,0.4168679118156433
738,613,0.5743006467819214
738,718,0.5526219606399536
738,572,0.5459986329078674
738,716,0.5342283248901367
738,216,0.5176682472229004
739,741,0.6405990123748779
739,735,0.6301477551460266
739,742,0.6204619407653809
739,729,0.5820990204811096
739,711,0.5202075839042664
740,723,0.4965955913066864
740,738,0.4541451930999756
740,719,0.45371511578559875
740,741,0.4497232437133789
740,664,0.4349443316459656
741,742,0.6871135830879211
741,739,0.6405990123748779
741,735,0.6243319511413574
741,729,0.5816339254379272
741,691,0.5015584826469421
742,741,0.6871135830879211
742,739,0.6204619407653809
742,729,0.6023719906806946
742,735,0.593444287776947
742,447,0.5321692228317261
743,745,0.5316023230552673
743,744,0.5306143164634705
743,763,0.5196812152862549
743,572,0.4938510060310364
743,747,0.4926980137825012
744,765,0.564009428024292
744,688,0.5515373349189758
744,745,0.5325167775154114
744,743,0.5306143164634705
744,613,0.5302357077598572
745,746,0.5808243751525879
745,744,0.5325167775154114
745,743,0.5316023230552673
745,481,0.5176875591278076
745,738,0.5136244893074036
746,745,0.5808243751525879
746,70,0.5457574129104614
746,270,0.5227992534637451
746,744,0.5094205141067505
746,747,0.5049933791160583
747,526,0.5388272404670715
747,216,0.5342937111854553
747,746,0.5049933791160583
747,772,0.5046088695526123
747,745,0.5027711391448975
748,747,0.45963054895401
748,743,0.44622862339019775
748,613,0.443443238735199
748,745,0.4305129945278168
748,154,0.40105652809143066
749,750,0.6460028886795044
749,5,0.6134951114654541
749,751,0.6122477054595947
749,752,0.6047613024711609
749,6,0.5473015904426575
750,6,0.6523221731185913
750,749,0.6460028886795044
750,752,0.621860146522522
750,751,0.5869008302688599
750,7,0.4947702884674072
751,7,0.6773782968521118
751,752,0.6531189680099487
751,8,0.6126855611801147
751,749,0.6122477054595947
751,750,0.5869008302688599
752,8,0.744933009147644
752,751,0.6531189680099487
752,750,0.621860146522522
752,749,0.6047613024711609
752,658,0.5736809968948364
753,756,0.5946073532104492
753,757,0.5854081511497498
753,754,0.5397626161575317
753,758,0.5370407700538635
753,755,0.5280683636665344
754,755,0.8259344100952148
754,756,0.6290255784988403
754,753,0.5397626161575317
754,758,0.5051329135894775
754,757,0.47086337208747864
755,754,0.8259344100952148
755,753,0.5280683636665344
755,756,0.5208582282066345
755,758,0.44197627902030945
755,757,0.44003739953041077
756,757,0.6425827741622925
756,754,0.6290255784988403
756,753,0.5946073532104492
756,758,0.594111442565918
756,755,0.5208582282066345
757,756,0.6425827741622925
757,758,0.5885246992111206
757,753,0.5854081511497498
757,754,0.47086337208747864
757,755,0.44003739953041077
758,756,0.594111442565918
758,757,0.5885246992111206
758,753,0.5370407700538635
758,754,0.5051329135894775
758,755,0.44197627902030945
759,760,0.38458895683288574
759,20,0.34549352526664734
759,21,0.33094629645347595
759,10,0.330925852060318
759,22,0.32548660039901733
760,759,0.38458895683288574
760,749,0.2777762711048126
760,20,0.27421754598617554
760,773,0.26249268651008606
760,652,0.25462403893470764
761,762,0.6392613649368286
761,767,0.6141777634620667
761,769,0.5883767604827881
761,774,0.5721266865730286
761,763,0.5641170740127563
762,761,0.6392613649368286
762,763,0.6317116022109985
762,773,0.6033840179443359
762,767,0.601189911365509
762,770,0.5988406538963318
763,762,0.6317116022109985
763,765,0.6239544153213501
763,764,0.6020923256874084
763,766,0.5867316126823425
763,767,0.5832927823066711
764,765,0.6506893038749695
764,763,0.6020923256874084
764,766,0.5907583236694336
764,773,0.5824620127677917
764,762,0.5800386667251587
765,764,0.6506893038749695
765,763,0.6239544153213501
765,766,0.6053988933563232
765,773,0.5814637541770935
765,767,0.5674160122871399
766,765,0.6053988933563232
766,771,0.598314642906189
766,764,0.5907583236694336
766,763,0.5867316126823425
766,769,0.5843393802642822
767,761,0.6141777634620667
767,762,0.601189911365509
767,763,0.5832927823066711
767,771,0.5676156878471375
767,765,0.5674160122871399
768,769,0.5736875534057617
768,767,0.5645962953567505
768,771,0.5541609525680542
768,762,0.5444470047950745
768,766,0.5417916178703308
769,761,0.5883767604827881
769,766,0.5843393802642822
769,768,0.5736875534057617
769,767,0.564322292804718
769,770,0.561912477016449
770,771,0.6528319120407104
770,762,0.5988406538963318
770,773,0.5911704897880554
770,769,0.561912477016449
770,766,0.5584494471549988
771,770,0.6528319120407104
771,773,0.6151898503303528
771,766,0.598314642906189
771,762,0.5972214937210083
771,772,0.5767137408256531
772,771,0.5767137408256531
772,773,0.5595344305038452
772,766,0.5392619967460632
772,765,0.5385557413101196
772,770,0.5273668169975281
773,771,0.6151898503303528
773,762,0.6033840179443359
773,770,0.5911704897880554
773,764,0.5824620127677917
773,765,0.5814637541770935
774,761,0.5721266865730286
774,771,0.5475025177001953
774,766,0.5464394688606262
774,767,0.5446444153785706
774,763,0.5431628227233887
